Molecule ChEMBL ID,Smiles,score,Active_pred
,CC(CCC(N)=O)[C@]1CC[C]2[C]3[C](C[C@](O)[C@@]21C)[C@@]1(C)CC[C@@](O)C[C]1C[C@@]3O,0.9883689880371094,1
,C[C](CCC(N)=O)[C@]1CC[C]2[C]3[C](CC[C@@]21C)[C@@]1(C)CC[C@](O)CC1C[C@]3O,0.9875079989433289,1
,CC(CCC(N)=O)[C@]1CC[C]2[C]3CC[C]4C[C@](O)CC[C@]4(C)[C]3C[C@](O)[C@@]21C,0.9874256253242493,1
,O=C(O)/C=C/c1ccc(/C=C/C(=O)O)cc1,0.9867538809776306,1
,CC.C[C](CCC(N)=O)C1CC[C]2[C]3CC[C]4C[C](O)CC[C@]4(C)[C]3CC[C@@]21C,0.9866042137145996,1
,CCCCCCCCCCCCCCCCCCCCCCO,0.9863542914390564,1
,CCCCCCCCCCCCCCCCCCCCCCCCCCC(=O)O,0.9863542914390564,1
,CC(CCCN=C=S)[C@]1CC[C]2[C]3[C](C[C@](O)[C@@]21C)[C@@]1(C)CC[C@@](O)C[C]1C[C@@]3O,0.9862691760063171,1
,CC(C)C12CCC3(C)OC3CC(O)C3(C)CCC(O3)C(C)(CC1)O2,0.9862057566642761,1
,CC(CCCN=C=S)[C@]1CC[C]2[C]3CC[C]4C[C@](O)CC[C]4[C]3C[C@](O)[C]21,0.9861035346984863,1
,Cc1ccc(S(=O)(=O)OCCn2c([N+](=O)[O-])cnc2C)cc1,0.9860344529151917,1
,CCCCCCCCCCCCCCCCCCCCC(=O)OCCC,0.9856804609298706,1
,C=CCOc1ccccc1/C=N/NC(=O)Cc1ccc(Br)cc1,0.9855549335479736,1
,C[C](CCCN=C=S)[C@]1CC[C]2[C]3[C](CC[C@@]21C)[C@@]1(C)CC[C@@](O)CC1C[C@@]3O,0.9848816394805908,1
,C[C](CCCN=C=S)[C@]1CC[C]2[C]3[C](CC[C@@]21C)[C@@]1(C)CC[C@](O)CC1C[C@]3O,0.9848816394805908,1
,CO[Si](CCCOCC1CO1)(OC)OC,0.9845014214515686,1
,C=C(C)[C@]1CC[C@]2(C)CC[C@]3(C)C(CCC4[C@@]5(C)CC[C@](O)C(C)(C)C5CC[C@]43C)C12,0.9843750596046448,1
,O=C(Cc1ccc(Br)cc1)N/N=C/c1ccc(-c2ccccc2)cc1,0.9840279221534729,1
,CC1(C)C(=O)CC[C@@]2(C)C1C[C@](O)[C@]1(C)C2CCC2C3[C@](C)[C@](C)CC[C@]3(C)CC[C@]21C,0.9839267134666443,1
,COc1ccccc1Cc1nnc(S)o1,0.9828505516052246,1
,C=C(C)[C@]1CC[C@]2(C)CC[C@]3(C)C(CCC4[C@@]5(C)CC[C@@](O)[C@](C)(C(=O)O)C5CC[C@]43C)C12,0.9827149510383606,1
,Fc1ccccc1Cc1nnc(S)o1,0.9825865626335144,1
,C=C(C)C1CC[C@]2(C)CC[C@]3(C)C(CCC4[C@@]5(C)CCC(O)C(C)(C)C5CC[C@]43C)C12,0.9824348092079163,1
,COc1cc(CCCOCc2ccccc2)ccc1O,0.9823775291442871,1
,COc1ccc(Cc2nnc(S)o2)cc1,0.9822896122932434,1
,C/C(=N\NC(N)=S)c1ccc2ccccc2c1,0.9818615913391113,1
,COC1[C@](O)[C@@](O)[C@@](O[C@]2C(CO)O[C@](OC)[C@](O)C2O)OC1CO,0.9818030595779419,1
,O=C(Cc1ccc(Br)cc1)N/N=C/c1ccc(O)c(O)c1,0.9817631840705872,1
,COc1ccc(CC2C(=O)OC(C)(C)OC2=O)cc1,0.9817488193511963,1
,C=CCOc1ccc(/C=N/NC(=O)Cc2ccc(Br)cc2)cc1,0.9816982746124268,1
,CC1(C)[C@](O)CC[C@@]2(C)C1CC[C@]1(C)C2CCC2C3C[C@@](C(=O)O)CC[C@]3(C)CC[C@]21C,0.9816579818725586,1
,CCOc1ccc(/C=N/NC(=O)Cc2ccc(Br)cc2)cc1,0.9815654754638672,1
,C[C@]1O[C@](Oc2c(-c3ccc(O)cc3O)oc3cc(O)cc(O)c3c2=O)[C@](O)[C@](O)[C@@]1O,0.9814011454582214,1
,OCC1O[C@](O[C@]2(CO)O[C@](CO)C(O)[C@@]2O)[C@](O)[C@@](O)[C@@]1O,0.9813544750213623,1
,COc1cc(CCCOCc2ccccc2)ccc1O[C](C)[C](O)c1cc(OC)c(OC)c(OC)c1,0.9811128377914429,1
,C=C(C)[C@]1CC[C@]2(C)CC[C@]3(C)C(CC(=O)C4[C@@]5(C)CC[C@@](O)C(C)(C)C5CC[C@]43C)C12,0.981101393699646,1
,COc1ccc(/C=N/NC(=O)Cc2ccc(Br)cc2)cc1OC(C)=O,0.980697512626648,1
,Sc1nnc(Cc2ccc(Cl)cc2Cl)o1,0.9806877374649048,1
,CC(=O)OC(C)(C)[C]1CC[C@](C)(C(O)COc2ccc(CCNC(=O)c3ccccc3)cc2)O1,0.9806580543518066,1
,Sc1nnc(Cc2ccccc2Cl)o1,0.9805259108543396,1
,Sc1nnc(Cc2c(Cl)cccc2Cl)o1,0.9805259108543396,1
,Sc1nnc(Cc2ccc(Cl)cc2)o1,0.9805054068565369,1
,COc1cc(CCCO)ccc1O[C](C)[C](O)c1cc(OC)c(OC)c(OC)c1,0.9804767370223999,1
,COc1cc(CCCO)ccc1O[C](C)[C](O)c1cc(OC)c(OC)c(OC)c1,0.9804767370223999,1
,C=C(C)[C@]1CC[C@]2(C(=O)O)CC[C@@]3(C)C(CCC4[C@@]5(C)CC[C@](O)C(C)(C)C5CC[C@]43C)C12,0.9804450273513794,1
,C/C(=N\NC(=S)NC1CCCCC1)c1ccc2ccccc2c1,0.980320930480957,1
,Sc1nnc(Cc2ccc(Cl)c(Cl)c2)o1,0.9802715182304382,1
,CC(=O)Oc1cccc(/C=N/NC(=O)Cc2ccc(Br)cc2)c1,0.9801480770111084,1
,COc1cccc(Cc2nnc(S)o2)c1,0.98009192943573,1
,COC(=O)c1cc(-c2ccccc2OC)ccc1-c1ccccc1OC,0.9800758957862854,1
,C=C(C)[C]1CC[C@]2(C)CC[C@]3(C)C(CC(O)C4[C@@]5(C)CCC(=O)C(C)(C)C5CC[C@]43C)C12,0.9799565076828003,1
,CC(=O)Oc1ccc(/C=N/NC(=O)Cc2ccc(Br)cc2)cc1,0.9799540042877197,1
,COc1cc2c(cc1OC)/C(=N/NC(N)=S)CC2,0.9799091219902039,1
,C/C(=N\NC(=S)NCCc1ccccc1)c1ccc2ccccc2c1,0.9797837734222412,1
,Cc1ccc2ccc3c(ccc4c5cccc(C)c5ccc43)c2c1,0.9797444343566895,1
,Cc1occc1-c1nn2c(-c3ccco3)nnc2s1,0.9797171950340271,1
,Cc1ncc([N+](=O)[O-])n1CCOC(=O)c1ccccc1,0.9796687960624695,1
,C/C(=N\NC(N)=S)c1sc(C)nc1C,0.9795761108398438,1
,CCOC(=O)[C](C)Oc1ccc(CCCOCc2ccccc2)cc1OC,0.9794904589653015,1
,CCNC(=S)N/N=C(\C)c1ccc2ccccc2c1,0.9794071912765503,1
,C#CCC1(Cc2ccc(OC)cc2)C(=O)OC(C)(C)OC1=O,0.9790213108062744,1
,C/C(=N\NC(=S)Nc1ccc(C)cc1)c1ccc2ccccc2c1,0.9783992171287537,1
,C/C(=N\NC(=S)NC1CCCCC1)c1sc(C)nc1C,0.9782478213310242,1
,CCc1ccc(NC(=S)N/N=C2\CCc3cc(OC)c(OC)cc32)cc1,0.9780418276786804,1
,C=C(C)C1CCC2(C(=O)O)CCC3(C)C(CCC4C5(C)CCC(O)C(C)(C)C5CCC43C)C12,0.977837860584259,1
,CCO[Si](CCCOCC1CO1)(OCC)OCC,0.977665901184082,1
,CCNC(=S)N/N=C(\C)c1sc(C)nc1C,0.9776541590690613,1
,Sc1nnc(Cc2ccc(Br)cc2)o1,0.9775077700614929,1
,CC(=O)OC(CCC1(C)OC1COc1ccc(CCNC(=O)c2ccccc2)cc1)C(C)(C)OC(C)=O,0.9772288799285889,1
,C/C(=N\NC(=S)Nc1cccc(F)c1)c1ccc2ccccc2c1,0.9771620631217957,1
,CO[C]1CC[C]2[C@@]3(C)CCC(=O)C(C)(C)[C]3CC[C@@]2(C)O1,0.9771263003349304,1
,COC(=O)c1cc(-c2ccc(C=O)cc2)ccc1-c1ccc(C=O)cc1,0.9770057201385498,1
,O=C(Cc1ccc(Br)cc1)N/N=C/c1ccco1,0.9769807457923889,1
,c1csc(C2=NSc3ccccc3N2)c1,0.9769065976142883,1
,C/C(=N\NC(=S)Nc1ccccc1)c1ccc2ccccc2c1,0.9767372012138367,1
,COC(=O)c1cc(-c2ccc(C)cc2)ccc1-c1ccc(C)cc1,0.9766020178794861,1
,COC(=O)c1cc(-c2ccc(Cl)c(Cl)c2)ccc1-c1ccc(Cl)c(Cl)c1,0.976498544216156,1
,COc1cc2c(cc1OC)/C(=N/NC(=S)NC1CCCCC1)CC2,0.9764822125434875,1
,COC(=O)c1cc(-c2ccc(Cl)cc2)ccc1-c1ccc(Cl)cc1,0.9764373302459717,1
,CCc1ccc(NC(=S)N/N=C(\C)c2nccnc2C)cc1,0.9761826395988464,1
,COc1cc2c(cc1OC)/C(=N/NC(=S)Nc1ccccc1)CC2,0.9758892059326172,1
,COc1cc2c(cc1OC)/C(=N/NC(=S)Nc1ccc(Cl)cc1)CC2,0.9756395220756531,1
,C/C(=N\NC(=S)Nc1cccc(Br)c1)c1ccc2ccccc2c1,0.9753977656364441,1
,CC(=O)OC(CCC1(C)OC1Oc1ccc(CCNC(O)C(C)=C(C)C)cc1)C(C)(C)OC(C)=O,0.9749725461006165,1
,C/C(=N\NC(=S)Nc1cccc(Br)c1)c1nccnc1C,0.9748088121414185,1
,O=C(Cc1ccc(Br)cc1)N/N=C/c1ccccc1OCc1ccccc1,0.974522054195404,1
,C/C(=N\NC(=S)Nc1ccc(F)cc1)c1nccnc1C,0.9745117425918579,1
,C/C(=N\NC(=S)Nc1ccccc1)c1nccnc1C,0.9742798805236816,1
,C/C(=N\NC(=S)Nc1ccccc1)c1sc(C)nc1C,0.9742708206176758,1
,COc1ccc(CC2(Cc3ccccc3)C(=O)OC(C)(C)OC2=O)cc1,0.9741129875183105,1
,C/C(=N\NC(=S)Nc1ccc(F)cc1)c1sc(C)nc1C,0.9740976095199585,1
,O=c1c(O[C@]2C(CO)O[C@](O)[C@](O)C2O)c(-c2ccc(O)cc2O)oc2cc(O)cc(O)c12,0.9739229679107666,1
,CCc1ccc(NC(=S)N/N=C(\C)c2sc(C)nc2C)cc1,0.9738396406173706,1
,Oc1cc(O)c2c(c1)O[C@](c1ccc(O)c(O)c1)[C@](O)C2,0.973459005355835,1
,CCCc1ccccc1/N=C(\N)c1ccccc1,0.9732822775840759,1
,C/C(=N\NC(=S)Nc1cccc(Br)c1)c1sc(C)nc1C,0.9729996919631958,1
,COc1cc2c(cc1OC)/C(=N/NC(=S)Nc1cccc(Br)c1)CC2,0.9729486107826233,1
,COc1cc2c(cc1OC)/C(=N/NC(=S)Nc1ccc(F)cc1)CC2,0.9726842641830444,1
,CCC(=O)OCCn1c([N+](=O)[O-])cnc1C,0.9724469184875488,1
,C/C(=N\NC(=S)Nc1cccc(Cl)c1)c1ccc2ccccc2c1,0.9723963737487793,1
,CCCCC(=O)OCCn1c([N+](=O)[O-])cnc1C,0.9723548293113708,1
,C/C(=N\NC(=S)Nc1cccc(Cl)c1)c1nccnc1C,0.9716084599494934,1
,C/C(=N\NC(=S)Nc1cccc(Cl)c1)c1sc(C)nc1C,0.9712372422218323,1
,COc1cc2c(cc1OC)/C(=N/NC(=S)Nc1cccc(Cl)c1)CC2,0.970887303352356,1
,c1ccc(C2=NSc3ccccc3N2)nc1,0.9707756042480469,1
,COC(=O)c1cc(-c2cc(F)ccc2F)ccc1-c1cc(F)ccc1F,0.9703602194786072,1
,O=C(Cc1ccc(Br)cc1)N/N=C/c1ccc(OCc2ccccc2)cc1O,0.9701148271560669,1
,COc1cccc(NC(=S)N/N=C(\C)c2ccc3ccccc3c2)c1,0.9697142243385315,1
,C/C(=N\NC(N)=S)c1ccc2c(c1)CCO2,0.969465970993042,1
,COc1cc(O)c2c(=O)c(O)c(-c3ccc(O)c(OC)c3)oc2c1,0.9694469571113586,1
,O=C(COC(=O)c1ccc(F)c(Cl)c1)c1ccc(Cl)cc1,0.9694119095802307,1
,CC(=O)CC(=O)O[C@]1CC[C@]2(C)C3CCC4C5[C@@](C(C)=O)CCC5CC[C@@]4(C)[C@]3(C)CCC2[C@@]1(C)C(=O)O,0.969385027885437,1
,O=c1c(O)c(-c2ccc(O)c(O)c2)oc2cc(O)cc(O)c12,0.9692743420600891,1
,Fc1cc(Cl)ccc1-c1nn2c(-c3ccco3)nnc2s1,0.9690955281257629,1
,O=C(COC(=O)c1ccc(F)c(Cl)c1)c1ccc(F)cc1,0.9689555764198303,1
,O=C(COC(=O)c1ccc(F)c(Cl)c1)c1ccc(-c2ccccc2)cc1,0.9688622355461121,1
,O=C(O)/C(=C\c1ccccn1)N1C(=O)c2ccccc2C1=O,0.9688132405281067,1
,Cc1ccc(C(=O)COC(=O)c2ccc(F)c(Cl)c2)cc1,0.9687882661819458,1
,C/C(=N\NC(=S)NCc1ccccc1Cl)c1ccc2ccccc2c1,0.9685505032539368,1
,c1coc(-c2nnc3sc(-c4ccoc4)nn23)c1,0.9685139060020447,1
,O=C(COC(=O)c1ccc(F)c(Cl)c1)c1ccc(Cl)c(Cl)c1,0.9684281349182129,1
,COc1ccc(CCc2nnc(S)o2)cc1,0.9678846597671509,1
,O=C(COC(=O)c1ccccc1Br)c1ccc(Cl)c(Cl)c1,0.9677015542984009,1
,O=C(COC(=O)c1ccccc1Br)c1ccc(Cl)cc1,0.9675722718238831,1
,Cc1ccc(C(=O)COC(=O)c2ccccc2Br)cc1,0.9672442674636841,1
,Fc1ccc(Cc2nn3c(-c4ccco4)nnc3s2)cc1,0.9669927358627319,1
,COc1c2ccoc2nc2c(CC=C(C)C)c(O)ccc12,0.9668418765068054,1
,O=C(COC(=O)c1ccc(F)c(Cl)c1)c1ccc2ccccc2c1,0.9665202498435974,1
,C/C(=N\NC(=S)Nc1ccccc1)c1ccc2c(c1)CCO2,0.9661659002304077,1
,C/C(=N\NC(=S)NCCN1CCOCC1)c1ccc2ccccc2c1,0.9661481976509094,1
,O=C(O)/C(=C\c1ccc(Cl)cc1)N1C(=O)c2ccccc2C1=O,0.9660459756851196,1
,O=C(O)/C(=C\c1ccc(O)cc1)N1C(=O)c2ccccc2C1=O,0.9659916758537292,1
,O=C(COC(=O)c1ccccc1Br)c1ccc(F)cc1,0.9658867120742798,1
,C/C(=N\NC(=S)NC1CCCCC1)c1ccc2c(c1)CCO2,0.9657801389694214,1
,O=C(CO)Oc1c(-c2ccc(O)cc2O)oc2cc(O)cc(O)c2c1=O,0.9657310247421265,1
,CC1=CCC(C(C)(C)O)CC=C(C)CCCC(C)=CCC1,0.9656379818916321,1
,CCOc1ccc(Cc2nn3c(-c4ccco4)nnc3s2)cc1,0.9655799269676208,1
,CCCc1ccccc1/N=C(\N)c1ccccn1,0.965494692325592,1
,COc1ccc(C(=O)COC(=O)c2ccc(F)c(Cl)c2)cc1,0.9654015898704529,1
,COc1ccc(C(=O)COC(=O)c2ccccc2Br)cc1,0.9653657078742981,1
,O=C(COC(=O)c1ccccc1Br)c1ccc2ccccc2c1,0.9651325941085815,1
,C/C(=N\NC(=S)NC(=O)c1ccccc1)c1ccc2c(c1)CCO2,0.9650411605834961,1
,O=C(COC(=O)c1ccccc1Br)c1ccc(-c2ccccc2)cc1,0.9649811387062073,1
,Cc1ccc(/C=C(\C(=O)O)N2C(=O)c3ccccc3C2=O)cc1,0.9649185538291931,1
,O=C(O)/C(=C\c1ccccc1)N1C(=O)c2ccccc2C1=O,0.9649185538291931,1
,O=C(O)/C(=C\c1cccc(Cl)c1)N1C(=O)c2ccccc2C1=O,0.9649185538291931,1
,COc1ccc(/C=C(\C(=O)O)N2C(=O)c3ccccc3C2=O)cc1OC,0.9648771286010742,1
,COc1cc(/C=C(\C(=O)O)N2C(=O)c3ccccc3C2=O)ccc1O,0.9645630121231079,1
,CC1=CC(O)CC2(C)OC2CC2(C(C)C)CCC(C)(O2)C(O)CC1,0.9638435244560242,1
,O=C(O)/C(=C/c1ccc(/C=C(\C(=O)O)N2C(=O)c3ccccc3C2=O)cc1)N1C(=O)c2ccccc2C1=O,0.9637579321861267,1
,CSc1ccc(/C=C(\C(=O)O)N2C(=O)c3ccccc3C2=O)cc1,0.9635811448097229,1
,C/C(=N\NC(=S)Nc1ccccc1C)c1ccc2c(c1)CCO2,0.9634935259819031,1
,COc1ccc(/C=C(\C(=O)O)N2C(=O)c3ccccc3C2=O)cc1,0.9634642004966736,1
,O=C(O)/C(=C\c1ccc(O)cc1O)N1C(=O)c2ccccc2C1=O,0.9628850221633911,1
,COC(=O)c1ccc(/C=C(\C(=O)O)N2C(=O)c3ccccc3C2=O)cc1,0.9627283215522766,1
,CC1=CC=C(C(C)C)CCC(C)=CCCC(C)=CCC1,0.9625903367996216,1
,CC[C](CC[C](C)C1CCC2C3CC=C4C[C](O)CC[C@]4(C)C3CC[C@]12C)C(C)C,0.9624109864234924,1
,COc1ccccc1CCc1nnc(S)o1,0.9620802998542786,1
,C/C(=N\NC(=S)Nc1ccc(F)cc1)c1ccc2c(c1)CCO2,0.9620097875595093,1
,O=C(O)/C(=C\c1cccc(/C=C(\C(=O)O)N2C(=O)c3ccccc3C2=O)c1)N1C(=O)c2ccccc2C1=O,0.96195387840271,1
,O=C(O)/C(=C\c1cccc(Br)c1)N1C(=O)c2ccccc2C1=O,0.9614360928535461,1
,Cc1ccc(/C=C(\C(=O)O)N2C(=O)c3ccccc3C2=O)c(C)c1,0.9613118171691895,1
,O=C(O)/C(=C\c1ccccc1O)N1C(=O)c2ccccc2C1=O,0.9610163569450378,1
,O=S1N=C(c2ccccn2)Nc2ccccc21,0.9606629610061646,1
,NC(=S)N/N=C/c1ccc([N+](=O)[O-])cc1,0.9606378674507141,1
,CC1=CCC2(C(C)C)CCC(C)(O2)C2CCC(C)(CCC1)O2,0.9603890180587769,1
,C=C(C)C1CCC(C)=CCC=C(C)CCC=C(C)CC1,0.9603471159934998,1
,C=C1[C]2CC/C(C)=C/CC/C(C)=C/[C]2OC1=O,0.9603224992752075,1
,COc1ccccc1/C=C(\C(=O)O)N1C(=O)c2ccccc2C1=O,0.9590968489646912,1
,Fc1ccc(-c2nn3c(-c4ccco4)nnc3s2)cc1Cl,0.9590389132499695,1
,COc1cccc(CCc2nnc(S)o2)c1,0.9590378403663635,1
,Cc1occc1-c1nn2c(-c3ccncc3)nnc2s1,0.9590075612068176,1
,COc1ccc(OCc2nn3c(-c4ccco4)nnc3s2)cc1,0.958980143070221,1
,C/C1=C\CC[C@]2(C)O[C]2C[C@]2(C(C)C)CC[C@@](C)(O2)C(=O)CC1,0.9587189555168152,1
,COc1cccc(NC(=S)N/N=C(\C)c2ccc3c(c2)CCO3)c1,0.9572649002075195,1
,C/C1=C\C[C@]2(C(C)C)CC[C@@](C)(O2)C(=O)CC/C(C)=C/CC1,0.9568126201629639,1
,CC1=CCC2(C(C)C)CCC(C)(O2)C2CCC(C)(O2)C(O)CC1,0.9566981792449951,1
,COC(=O)c1cc(-c2ccccc2C(F)(F)F)ccc1-c1ccccc1C(F)(F)F,0.9566634893417358,1
,CC1=CCC(O)C2(C)CCC(C(C)C)(CCC(C)=CCC1)O2,0.9561560750007629,1
,O=[N+]([O-])c1ccc(/C=N/NC(=S)Nc2cccc(Br)c2)cc1,0.9561440944671631,1
,CCNC(=S)N/N=C(\C)c1cc(C)sc1C,0.956064760684967,1
,C/C(=N\NC(=S)NC1CCCCC1)c1cc(C)sc1C,0.9556551575660706,1
,COC(=O)c1cc(-c2ccc([N+](=O)[O-])cc2)ccc1-c1ccc([N+](=O)[O-])cc1,0.9555976390838623,1
,c1coc(-c2nn3c(-c4ccco4)nnc3s2)c1,0.9553377628326416,1
,O=[N+]([O-])c1ccc(/C=N/NC(=S)Nc2cccc3ccccc23)cc1,0.9550684690475464,1
,CC1CCC2(C)CCC3(C)C(=CCC4C5(C)CC(O)C(O)C(C)(C(=O)O)C5CCC43C)C2C1C,0.954830527305603,1
,CCc1ccc(NC(=S)N/N=C/c2ccc([N+](=O)[O-])cc2)cc1,0.9545847177505493,1
,C/C1=C\C[C@]2(C(C)C)CC[C@@](C)(O2)[C](O)CC/C(C)=C/CC1,0.9545222520828247,1
,C/C1=C\C[C@]2(C(C)C)CC[C@@](C)(O2)[C](O)CC/C(C)=C/CC1,0.9545222520828247,1
,O=[N+]([O-])c1ccc(/C=N/NC(=S)Nc2ccccc2)cc1,0.9544990062713623,1
,O=[N+]([O-])c1ccc(/C=N/NC(=S)Nc2cc(C(F)(F)F)cc(C(F)(F)F)c2)cc1,0.9537522792816162,1
,O=[N+]([O-])c1ccc(/C=N/NC(=S)Nc2ccc(F)cc2)cc1,0.9534986019134521,1
,CC1=CCCC2(C)OC2CC2(C(C)C)CCC(C)(O2)C(O)CC1,0.9531716108322144,1
,O=C(Cc1ccc(Br)cc1)N/N=C/c1cccc([N+](=O)[O-])c1,0.9531658887863159,1
,CC(=O)O[C]1CC/C(C)=C/CC/C(C)=C/C[C@]2(C(C)C)CC[C@@]1(C)O2,0.9524316191673279,1
,COc1ccc(-c2nnc3sc(COc4ccc(C)cc4)nn23)cc1,0.9517995119094849,1
,COc1ccc(N=NC2N=C3C(=CC2C#N)C(NCCc2ccccc2)Oc2ccccc23)cc1,0.9514152407646179,1
,COc1ccc(OC)c(/C=C(\C(=O)O)N2C(=O)c3ccccc3C2=O)c1,0.9513457417488098,1
,Cc1ccc(OCc2nn3c(-c4ccco4)nnc3s2)cc1,0.9512593150138855,1
,COc1ccc(C=C2C(=O)OC(C)(C)OC2=O)cc1,0.9510903358459473,1
,CC1(C)[C@](O)CC[C@@]2(C)C1CC[C@]1(C)C2CC=C2C3[C@@](C)[C@@](C)CC[C@]3(C)CC[C@]21C,0.9510846138000488,1
,CC1(C)[C@](O)CC[C@@]2(C)C1CC[C@]1(C)C2CC=C2C3[C@](C)[C@](C)CC[C@]3(C)CC[C@]21C,0.9510846138000488,1
,C=C(C)C1C=CC(C)(O)CCC=C(C)CCC=C(C)CC1,0.9510740041732788,1
,CC1(C)CCC2(C)CCC3(C)C(=CCC4C5(C)CCC(O)C(C)(C(=O)O)C5CCC43C)C2C1,0.9510310292243958,1
,CC1CCC2(C)CCC3(C)C(=CCC4C5(C)CCC(O)C(C)(C(=O)O)C5CCC43C)C2C1C,0.9510310292243958,1
,CC1CCC2(C)CCC3(C)C(=CCC4C5(C)CCC(O)C(C)(C)C5CCC43C)C2C1C,0.9502900242805481,1
,COc1c2ccoc2nc2c(OC)cccc12,0.9502766728401184,1
,CC(=O)OC1CC=C(C)CCC=C(C)CCC2(C(C)C)CCC1(C)O2,0.9501476883888245,1
,COc1ccc(OCc2nn3c(-c4ccc(OC)cc4)nnc3s2)cc1,0.9500494599342346,1
,COc1ccc(OCc2nn3c(-c4cccc(Br)c4)nnc3s2)cc1,0.9498100876808167,1
,CC1=CCC(O)C2(C)CCC(C(C)C)(CC(O)C3(C)CCC1O3)O2,0.9496905207633972,1
,COc1ccc(-c2nnc3sc(COc4ccc(F)cc4)nn23)cc1,0.9493809938430786,1
,C/C(=C\CC/C(C)=C/CCC1[C@@]2(C)CCC(O)C(C)(C)C2CC[C@@]1(C)O)CC/C=C(\C)C(=O)O,0.9491468071937561,1
,C[C](CCCC(C)C)[C]1CCC2C3=CCC4CC(O)CC[C@]4(C)C3CC[C@]12C,0.9490827322006226,1
,C/C(=C\CC/C(C)=C/CCC1[C@@]2(C)CCC(=O)C(C)(C)C2CC[C@@]1(C)O)CC/C=C(\C)C(=O)O,0.9489908218383789,1
,Fc1ccc(OCc2nn3c(-c4ccco4)nnc3s2)cc1,0.9489471316337585,1
,Cc1c(-c2ccc(O)cc2O)oc2cc(O)cc(O)c2c1=O,0.9488781690597534,1
,Cc1ccccc1OCc1nn2c(-c3ccco3)nnc2s1,0.9488402009010315,1
,C=C1[C]2CC[C](O)[C@@]3(C)CC[C@@](C)(O)[C]3[C]2OC1=O,0.9487726092338562,1
,CCC(CC[C](C)[C]1CCC2C3=CCC4CC(O)CC[C@]4(C)C3CC[C@]12C)C(C)C,0.948725700378418,1
,COc1ccc(CC2(Cc3cn(-c4ccccc4)nn3)C(=O)OC(C)(C)OC2=O)cc1,0.9486917853355408,1
,CC1=CCC2(C(C)C)CCC(C)(O2)C(O)CCC(C)(O)C(O)CC1,0.9485709071159363,1
,Oc1ccc(OCc2nn3c(-c4ccco4)nnc3s2)cc1,0.9485660791397095,1
,CCc1ccc(NC(=S)N/N=C(\C)c2cc(C)sc2C)cc1,0.9482797384262085,1
,CC1(C)CC[C@]2(C)CC[C@]3(C)C(=CCC4[C@@]5(C)CC[C](O)C(C)(C)C5CC[C@]43C)[C]2C1,0.9479265809059143,1
,Oc1ccccc1OCc1nn2c(-c3ccco3)nnc2s1,0.9479042887687683,1
,COc1cccc(C)c1/C=C(\C(=O)O)N1C(=O)c2ccccc2C1=O,0.9477397203445435,1
,C[C](CCCC(C)C)[C@]1CCC2C3=CCC4[C@@](C)C(O)CC[C@]4(C)C3CC[C@]12C,0.9475895166397095,1
,COc1ccc(CC2(Cc3cn(-c4ccc(Cl)cc4)nn3)C(=O)OC(C)(C)OC2=O)cc1,0.947178304195404,1
,COc1ccc(CC2(Cc3cn(-c4cccc(Br)c4)nn3)C(=O)OC(C)(C)OC2=O)cc1,0.9470844268798828,1
,CC(=O)OC1CCC(C)=CCCC2(C)OC2CC2(C(C)C)CCC1(C)O2,0.9467768669128418,1
,C/C(=N\NC(=S)Nc1cccc2ccccc12)c1ccc2ccccc2c1,0.9467548727989197,1
,O=[N+]([O-])c1ccc(/C=N/NC(=S)Nc2ccc([N+](=O)[O-])cc2)cc1,0.9462829232215881,1
,C[C@]12CC[C@](O)[C@](C)(C(=O)O)C1CC[C@]1(C)C2CC=C2C3[C@@](C)[C@@](C)CC[C@]3(C)CC[C@]21C,0.9460811018943787,1
,CC1(C)C(=O)CC[C@@]2(C)C1CC[C@]1(C)C2[C@](O)C=C2C3[C@](C)[C@](C)CC[C@]3(C)CC[C@]21C,0.9460498690605164,1
,C[C@@]12CC[C@]3(C)C(=CCC4[C@@]5(C)C[C@](O)[C@@](O)[C@](C)(C(=O)O)C5CC[C@]43C)[C]1[C@](C)[C@](C)CC2,0.9459756016731262,1
,COc1ccc(CC2(Cc3cn(-c4ccc(Br)cc4)nn3)C(=O)OC(C)(C)OC2=O)cc1,0.9454811811447144,1
,COc1cc(-c2nnc(S)o2)cc(OC)c1OC,0.9452974200248718,1
,Fc1ccc(-c2nn3c(-c4ccncc4)nnc3s2)cc1Cl,0.9450798630714417,1
,Fc1cc(Cl)ccc1-c1nn2c(-c3ccncc3)nnc2s1,0.9450591802597046,1
,C[C](CCCC(C)C)[C@]1CCC2C3=CCC4[C@@](C)C(=O)CC[C@]4(C)C3CC[C@]12C,0.9447543621063232,1
,Cc1ccc(OCc2nn3c(-c4cccc(Br)c4)nnc3s2)cc1,0.9447454214096069,1
,Fc1cc(Cl)ccc1-c1nnc(S)o1,0.9442670941352844,1
,CC(=O)OC1(C)C=CC(C(C)C)CC=C(C)C2CCC(C)(C=CC1)O2,0.9436202049255371,1
,C/C(=N\NC(=S)Nc1ccccc1)c1cc(C)sc1C,0.9433785676956177,1
,Fc1ccc(Cc2nn3c(-c4cccnc4)nnc3s2)cc1,0.9433237314224243,1
,C=C1C=C2[C]3[C@](C)[C@@](C)CC[C@]3(C)CC[C@@]2(C)[C@]2(C)CC[C]3[C@](C)(CC[C@](O)[C@]3(C)C(C)=O)C12,0.9432811737060547,1
,CC1CCC2(C)CCC3(C)C(=CC(O)C4C5(C)CCC(O)C(C)(C(=O)O)C5CCC43C)C2C1C,0.9431721568107605,1
,COc1cc(Br)ccc1O[C](C)CO,0.9431350231170654,1
,CC1(C)CC[C@]2(C)CC[C@]3(C)C(=CCC4[C@@]5(C)CC[C](O)[C@](C)(C(=O)O)C5CC[C@]43C)[C]2C1,0.9426194429397583,1
,CC1(C)CC[C@]2(C)CC[C@]3(C)C(=CCC4[C@@]5(C)CC[C](O)[C@](C)(C(=O)O)C5CC[C@]43C)[C]2C1,0.9426194429397583,1
,C[C@@]12CC[C@]3(C)C(=CCC4[C@@]5(C)CC[C@](O)[C@](C)(C(=O)O)C5CC[C@]43C)[C]1[C@](C)[C@](C)CC2,0.9426194429397583,1
,COc1ccc(-c2nnc3sc(COc4ccccc4C)nn23)cc1,0.9425898194313049,1
,Cc1cccc(C)c1NC(=S)N/N=C/c1ccc([N+](=O)[O-])cc1,0.942574143409729,1
,CC1(C)C(=O)CC[C@@]2(C)C1C[C@](O)[C@]1(C)C2CC=C2C3[C@](C)[C@](C)CC[C@]3(C)CC[C@]21C,0.9425389766693115,1
,C(=N/N=c1\scc(-c2ccccc2)n1-c1ccccc1)\c1c[nH]c2ccccc12,0.9425320625305176,1
,COc1ccc(CC2(Cc3cn(-c4ccc(OC)cc4)nn3)C(=O)OC(C)(C)OC2=O)cc1,0.9423444271087646,1
,C/C(=N\NC(=S)Nc1ccc(F)cc1)c1cc(C)sc1C,0.9421484470367432,1
,CC1(C)[C@](O)CC[C@@]2(C)C1CC[C@]1(C)C2C=CC2[C]3[C@@](C)[C@@](C)CC[C@]3(C)CC[C@]21C,0.9421090483665466,1
,Cc1occc1-c1nn2c(-c3cccnc3)nnc2s1,0.9421069622039795,1
,CC1(C)[C]2CC[C@]3(C)C(CC=C4[C]5[C@](C)[C@](C)CC[C@]5(C)CC[C@]43C)[C@@]2(C)CCC1=O,0.9420261383056641,1
,Fc1ccc(OCc2nn3c(-c4cccc(Br)c4)nnc3s2)cc1,0.9414195418357849,1
,Oc1ccc(OCc2nn3c(-c4cccc(Br)c4)nnc3s2)cc1,0.9411366581916809,1
,COc1ccc(CC2(Cc3cn(-c4ccccc4C)nn3)C(=O)OC(C)(C)OC2=O)cc1,0.9410806894302368,1
,C[C](CCCC(C)C)[C]1CCC2C3=CCC4CC(=O)CC[C@]4(C)C3CC[C@]12C,0.9408162832260132,1
,C/C(=N\NC(=S)Nc1cccc(Br)c1)c1cc(C)sc1C,0.9406741261482239,1
,CC1=CC(O)CC2(C)OC2CC2(C(C)C)CCC(C)(O2)C(O)CC1=O,0.9406593441963196,1
,COc1ccc(C(O)C2c3c(cc4c(c3OC)OCO4)CCN2CC2CC2)c(CO)c1OC,0.9404821395874023,1
,Oc1ccccc1OCc1nn2c(-c3cccc(Br)c3)nnc2s1,0.9403853416442871,1
,CCOc1ccc(Cc2nn3c(-c4cccnc4)nnc3s2)cc1,0.9400948286056519,1
,C[C](CCCN=C=S)[C@]1CC[C@]2(C)C1CC[C@@]1(C)[C@@]2(C)C=C[C@]2(C)C[C@](O)CC[C@]12C,0.9396932721138,1
,COc1ccc(C(O)C2c3c(cc4c(c3OC)OCO4)CCN2C)c(CO)c1OC,0.9391653537750244,1
,CC1=CCC(O)(C(C)C)CC=C(C)CCCC(C)=CCC1,0.9386999011039734,1
,c1cc(-c2nnc3sc(-c4ccoc4)nn23)ccn1,0.938306450843811,1
,COc1cc(Br)ccc1O[C](C)COS(=O)(=O)c1ccc(C)cc1,0.9382075071334839,1
,O=C(/C=C/c1ccc(O)c(O)c1)OC1OC(CO)C(O)C(O)C1OC(=O)c1cc(O)c(O)c(O)c1,0.9379579424858093,1
,C/C(=N\NC(=S)Nc1cccc(Cl)c1)c1cc(C)sc1C,0.9378052353858948,1
,CCN(CC)CCCC(C)Nc1ccnc2cc(Cl)ccc12,0.9372413158416748,1
,O=[N+]([O-])c1ccc(/C=N/NC(=S)Nc2ccc(Cl)cc2)cc1,0.9368615746498108,1
,COc1ccc(CC2(Cc3cn(-c4ccccc4C(F)(F)F)nn3)C(=O)OC(C)(C)OC2=O)cc1,0.9349147081375122,1
,c1c[nH]c(-c2nn3c(-c4ccco4)nnc3s2)c1,0.934289276599884,1
,Cc1ccccc1OCc1nn2c(-c3cccc(Br)c3)nnc2s1,0.9342809915542603,1
,COc1cc(Br)ccc1O[C](C)CN=[N+]=[N-],0.9340829849243164,1
,COC(=O)[C@]1(C)[C]2CC[C@]3(C)C([C@](O)C=C4[C]5[C@@](C)[C@@](C)CC[C@]5(C)CC[C@]43C)[C@@]2(C)CC[C@]1O,0.9340258836746216,1
,COC(=O)[C@]1(C)[C]2CC[C@]3(C)C([C@](O)C=C4[C]5[C@](C)[C@](C)CC[C@]5(C)CC[C@]43C)[C@@]2(C)CC[C@@]1O,0.9340258836746216,1
,COc1cc2c(cc1OC)/C(=N/NC(=S)Nc1cccc3ccccc13)CC2,0.9332131147384644,1
,CCOC(=O)C1=CC(OC(CC)CC)C(NC(C)=O)C(N)C1,0.9331687092781067,1
,COc1ccc(OCc2nn3c(-c4cccnc4)nnc3s2)cc1,0.9331325888633728,1
,CC(=O)OC1CCC2(C)C(CCC3(C)C2CC=C2C4CC(C)(C)CCC4(C)CCC23C)C1(C)C(=O)O,0.9326428771018982,1
,COC1=CCCC2(C)OC2CC2(C(C)C)CCC(C)(O2)C(O)CC1,0.9322901368141174,1
,C=C(C)[C@]1CC[C@]2(C)CC[C@]3(C)C(=CCC4[C@@]5(C)C[C@@](O)[C@@](O)[C@@](C)(C(=O)O)C5CC[C@]43C)C12,0.932256817817688,1
,CCOC(=O)[C](C)Oc1ccc(Br)cc1OC,0.9322233200073242,1
,C=C1C=CC(C(=C)C)CCC(C)=CCCC(C)=CCC1,0.932085394859314,1
,Cc1cccc(C)c1-n1c(-c2ccccc2)cs/c1=N\N=C\c1c[nH]c2ccccc12,0.9312103986740112,1
,COc1ccc(-c2nnc3sc(COc4ccc(O)cc4)nn23)cc1,0.9310022592544556,1
,CCOc1ccc(Cc2nn3c(-c4ccncc4)nnc3s2)cc1,0.9303002953529358,1
,COc1ccc(-c2nnc3sc(COc4ccccc4O)nn23)cc1,0.9301312565803528,1
,CC(=O)OC1CCC2(C)C(CCC3(C)C2CC=C2C4C(C)C(C)CCC4(C)CCC23C)C1(C)C(=O)O,0.9297175407409668,1
,COc1ccc(C(O)C2c3c(cc4c(c3OC)OCO4)CCN2C)c(CO[Si](C)(C)C(C)(C)C)c1OC,0.92922443151474,1
,CCOC(=O)C1=C[C@](OC(CC)CC)[C@](NC(C)=O)[C@@](N)C1,0.9289355874061584,1
,C=C1CCC2[C](OC(=O)C2=C)[C]2[C]1CCC2=C,0.9287042021751404,1
,COC1C=C2C3C(C)C(C)CCC3(C)CCC2(C)C2(C)CCC3C(C)(CCC(O)C3(C)C(=O)O)C12,0.9274429082870483,1
,Fc1cc(Cl)c(-c2nn3c(-c4ccco4)nnc3s2)cc1F,0.92731773853302,1
,O=C(NC(=S)N/N=C/c1ccc([N+](=O)[O-])cc1)c1ccccc1,0.9269168972969055,1
,COc1ccc(CC2(Cc3cn(-c4cccc(C(F)(F)F)c4)nn3)C(=O)OC(C)(C)OC2=O)cc1,0.9268473386764526,1
,CC(=O)O[C@]1CC[C@@]2(C)C(CC[C@]3(C)C2CC=C2C4[C@](C)[C@](C)CC[C@]4(C)CC[C@]23C)C1(C)C,0.9268109798431396,1
,CC1=CCCC2(C)OC2CC2(C(C)C)CCC(C)(O2)C(O)CC1=O,0.9266871213912964,1
,C/C(=N\NC(=S)Nc1ccc([N+](=O)[O-])cc1)c1ccc2ccccc2c1,0.9262612462043762,1
,CC(=O)OC1CCC2(C)C(=CCC3(C)C2CC=C2C4C(C)C(C)CCC4(C)CCC23C)C1(C)C(=O)O,0.9248467683792114,1
,COc1ccc(OCc2nn3c(-c4ccncc4)nnc3s2)cc1,0.9247527718544006,1
,c1cncc(-c2nnc3sc(-c4ccco4)nn23)c1,0.924401581287384,1
,CCO[C@]1C=C2C3[C@@](C)[C@@](C)CC[C@]3(C)CC[C@@]2(C)[C@]2(C)CCC3[C@](C)(CC[C@](O)[C@]3(C)C(=O)O)C12,0.9243481159210205,1
,Fc1cc(Cl)ccc1-c1nn2c(-c3cccnc3)nnc2s1,0.9242362976074219,1
,Cc1ccc(OCc2nn3c(-c4cccnc4)nnc3s2)cc1,0.9238113760948181,1
,O=[N+]([O-])c1ccc(/C=N/NC(=S)Nc2cccc(Cl)c2)cc1,0.9237411618232727,1
,Fc1ccc(-c2nn3c(-c4cccnc4)nnc3s2)cc1Cl,0.9234277606010437,1
,CC1(C)[C@](O)CC[C@]2(C)C3=CC=C4C5[C@](C)[C@](C)CC[C@]5(C)CC[C@@]4(C)[C@]3(C)CCC12,0.9228156208992004,1
,COc1ccc2c(c1OC)CO[C]2[C]1c2c(cc3c(c2OC)OCO3)CCN1C(C#N)C(C)C,0.9225611686706543,1
,C/C(=N\NC(=S)Nc1cccc2ccccc12)c1ccc2c(c1)CCO2,0.9221055507659912,1
,CCC(C#N)N1CCc2cc3c(c(OC)c2[C]1[C]1OCc2c1ccc(OC)c2OC)OCO3,0.9220334887504578,1
,C[C@@]12CC[C@]3(C)C(=CC=C4[C@@]5(C)CC[C@](O)[C@](C)(CO)C5CC[C@]43C)C1[C@](C)[C@](C)CC2,0.9207637310028076,1
,C[C@@]12CC[C@]3(C)C(=CC=C4[C@@]5(C)CC[C@](O)[C@](C)(CO)C5CC[C@]43C)C1[C@@](C)[C@@](C)CC2,0.9207637310028076,1
,Fc1ccc(OCc2nn3c(-c4cccnc4)nnc3s2)cc1,0.9201063513755798,1
,c1ccc(C2=NSc3ccccc3N2)cc1,0.9200320243835449,1
,COc1ccc(C(O)C2c3c(cc4c(c3OC)OCO4)CCN2Cc2ccccc2)c(CO)c1OC,0.9199768304824829,1
,Oc1ccc(OCc2nn3c(-c4cccnc4)nnc3s2)cc1,0.9197294116020203,1
,CC1CCC2(C(=O)O)CCC3(C)C(=CCC4C5(C)CCC(O)C(C)(C)C5CCC43C)C2C1C,0.9197170734405518,1
,CCNC(=S)N/N=C/c1ccc([N+](=O)[O-])cc1,0.9195937514305115,1
,Oc1ccccc1OCc1nn2c(-c3cccnc3)nnc2s1,0.9195088744163513,1
,CC(=O)OC1CCC2(C)C(CCC3(C)C2C(O)C=C2C4C(C)C(C)CCC4(C)CCC23C)C1(C)C(=O)O,0.9194386601448059,1
,CC1(C)CC[C@]2(C)CC[C@]3(C)C(=C2C1)C=CC1[C@@]2(C)CC[C](O)[C@](C)(CO)C2CC[C@]13C,0.918790340423584,1
,O=[N+]([O-])c1ccc(/C=N/NC(=S)NC2CCCCC2)cc1,0.9185634255409241,1
,N#CC1C=C2C(=NC1N=Nc1ccccc1)c1ccccc1OC2NCCc1ccccc1,0.9179914593696594,1
,CC(=O)O[C@]1CC[C@]2(C)C3CC=C4C5[C@@](C)[C@@](C)CC[C@]5(C)CC[C@@]4(C)[C@]3(C)CCC2[C@@]1(C)C(=O)O,0.917463481426239,1
,CC(=O)O[C@]1CC[C@]2(C)[C]3CC=C4[C]5[C@@](C)[C@@](C)CC[C@]5(C)CC[C@@]4(C)[C@]3(C)CC[C]2[C@@]1(C)C(=O)OCCCO,0.9172667264938354,1
,c1coc(-c2nn3c(-c4ccncc4)nnc3s2)c1,0.9159902930259705,1
,O=C(O)/C(=C\c1ccccc1Cl)N1C(=O)c2ccccc2C1=O,0.9159879088401794,1
,CC(=O)O[C]1CC[C@@]2(C)C(CC[C@]3(C)C2CC=C2[C]4CC(C)(C)CC[C@]4(C)CC[C@]23C)[C@@]1(C)C(=O)O,0.9159184098243713,1
,CC(=O)O[C]1CC[C@@]2(C)C(CC[C@]3(C)C2CC=C2[C]4CC(C)(C)CC[C@]4(C)CC[C@]23C)[C@@]1(C)C(=O)O,0.9159184098243713,1
,COc1ccc(C(O)C2c3c(cc4c(c3OC)OCO4)CCN2Cc2cccc3c2OCO3)c(CO)c1OC,0.9156492352485657,1
,CC(=O)O[C@]1CC[C@@]2(C)C(=CC[C@]3(C)C2CC=C2C4[C@@](C)[C@@](C)CC[C@]4(C)CC[C@]23C)[C@@]1(C)C(=O)O,0.9148738384246826,1
,c1cncc(-c2nnc3sc(-c4ccoc4)nn23)c1,0.9148069024085999,1
,C[C@@]12CC[C@]3(C)C(=C1[C@](C)[C@](C)CC2)C=CC1[C@@]2(C)CC[C@@](O)[C@](C)(CO)C2CC[C@]13C,0.9146760106086731,1
,CC(=O)O[C@]1CC[C@@]2(C)C(CC[C@]3(C)C2C=CC2[C]4[C@@](C)[C@@](C)CC[C@]4(C)CC[C@]23C)C1(C)C,0.9142714738845825,1
,O=C(O)/C(=C\c1c(Cl)cc(O)cc1Cl)N1C(=O)c2ccccc2C1=O,0.9138275384902954,1
,O=S1N=C(c2ccccc2)Nc2ccccc21,0.912740170955658,1
,Fc1ccc(OCc2nn3c(-c4ccncc4)nnc3s2)cc1,0.9125587940216064,1
,CC(=O)O[C@]1CC[C@]2(C)C3CC=C4[C]5[C@](C)[C@](C)CC[C@]5(C)CC[C@@]4(C)[C@]3(C)CCC2[C@@]1(C)C(=O)O,0.9123348593711853,1
,Oc1ccc(OCc2nn3c(-c4ccncc4)nnc3s2)cc1,0.9121495485305786,1
,Oc1ccccc1OCc1nn2c(-c3ccncc3)nnc2s1,0.9110631942749023,1
,Cc1ccccc1OCc1nn2c(-c3cccnc3)nnc2s1,0.9106192588806152,1
,COc1c2ccoc2nc2c(OC)c(OCC(O)C(C)(C)O)ccc12,0.9101567268371582,1
,CCOC1C=C2C3C(C)C(C)CCC3(C)CCC2(C)C2(C)CCC3C(C)(CCC(O)C3(C)C(=O)O)C12,0.9100961089134216,1
,CC(=O)Cc1cc(=O)c2c(C)cc(O)c(C3OC(COC(=O)/C=C/c4ccc(O)cc4)C(O)C(O)C3O)c2o1,0.9089102149009705,1
,C/C(=N\NC(=S)NC1CCCCC1)c1nccnc1C,0.907713770866394,1
,C/C(=N\N=c1/scc(-c2ccccc2)n1-c1cccc2ccccc12)c1ccc2c(c1)OCCO2,0.9076237082481384,1
,C/C(=N\NC(=S)NC(=O)c1ccccc1)c1c(O)ccc2ccc(=O)oc12,0.907005786895752,1
,COc1ccc2c(c1OC)CO[C]2[C]1c2c(cc3c(c2OC)OCO3)CCN1C(CN)c1ccc(F)cc1,0.9053487181663513,1
,c1cncc(-c2nnc3sc(-c4ccc[nH]4)nn23)c1,0.9044727683067322,1
,CC1CCC2(C)CCC3(C)C(=CC=C4C5(C)CCC(O)C(C)(C(=O)O)C5CCC43C)C2C1C,0.904258668422699,1
,COc1ccc2c(c1OC)CO[C]2[C]1c2c(cc3c(c2OC)OCO3)CCN1C(CN)c1ccccc1,0.9037780165672302,1
,COc1ccc2c(c1OC)CO[C]2[C]1c2c(cc3c(c2OC)OCO3)CCN1C(CN)c1ccc(C)cc1,0.9028862714767456,1
,CCNC(=S)N/N=C(\C)c1nccnc1C,0.9026439785957336,1
,C/C(=N\N=c1/scc(-c2ccccc2)n1-c1cccc(Br)c1)c1ccc2c(c1)OCCO2,0.9020956158638,1
,C/C(=N\NC(=S)Nc1ccccc1F)c1ccc2ccccc2c1,0.9019896984100342,1
,Cc1ccccc1OCc1nn2c(-c3ccncc3)nnc2s1,0.9013408422470093,1
,Cc1ncc([N+](=O)[O-])n1CCOC(=O)c1ccc([N+](=O)[O-])cc1,0.9002994894981384,1
,CC1(C)C=Cc2c(c3ccccc3[nH]c2=O)O1,0.8995356559753418,1
,CC1CCC2(C)CCC3(C)C(=CC(=O)C4C5(C)CCC(O)C(C)(C(=O)O)C5CCC43C)C2C1C,0.8980700969696045,1
,CC1(C)CCC2(C)CCC3(C)C(=CC=C4C5(C)CCC(O)C(C)(C(=O)O)C5CCC43C)C2C1,0.8980544209480286,1
,O=C(O)/C(=C\c1ccc([N+](=O)[O-])cc1)N1C(=O)c2ccccc2C1=O,0.8980392813682556,1
,COc1ccc(-c2ccc(O[C](C)Cn3cc(-c4ccccc4)nn3)c(OC)c2)cc1,0.8976740837097168,1
,CC1=CCC2(C(C)C)CCC(C)(O2)C2CCC(C)(O2)C(O)CC1=O,0.897624671459198,1
,C[C@@]12CC[C@]3(C)C(=CC=C4[C@@]5(C)CC[C@](O)[C@](C)(C(=O)O)[C]5CC[C@]43C)[C]1[C@@](C)[C@@](C)CC2,0.897619903087616,1
,C/C(=N\N=c1/scc(-c2ccccc2)n1-c1c(C)cccc1C)c1ccc2c(c1)OCCO2,0.8976024389266968,1
,COc1ccc2c(c1OC)CO[C]2[C]1c2c(cc3c(c2OC)OCO3)CCN1C(C#N)c1ccccc1O,0.8968310356140137,1
,C(=N/N=c1\scc(-c2ccccc2)n1Cc1ccccc1)\c1c[nH]c2ccccc12,0.8952233195304871,1
,C[C@@]12CC[C@]3(C)C(=CC=C4[C@@]5(C)CC[C@](O)[C@](C)(C(=O)O)C5CC[C@]43C)C1[C@@](C)[C@@](C)CC2,0.8951022028923035,1
,COC(=O)[C@]1(C)[C]2CC[C@]3(C)C(C(=O)C=C4[C]5[C@](C)[C@@](C)CC[C@]5(C)CC[C@]43C)[C@@]2(C)CC1(O)C(=O)O,0.8950167298316956,1
,O=S1N=C(c2ccccc2)Nc2cc(C(F)(F)F)ccc21,0.8949177265167236,1
,C/C(=N\NC(=S)Nc1ccc(F)cc1)c1c(O)ccc2ccc(=O)oc12,0.8947626948356628,1
,C=C(C)[C@]1CC[C@]2(C)CC[C@]3(C)C(=CCC4[C@@]5(C)CC[C@@](OC(C)=O)[C@](C)(C(=O)O)C5CC[C@]43C)C12,0.8943686485290527,1
,N#CC1C=C2C(=NC1N=Nc1ccccc1)c1ccccc1OC2NCc1ccccc1,0.8935043215751648,1
,CC1CCC2(C)CCC3(C)C(=CC(=O)C4C5(C)CCC(N)C(C)(C(=O)O)C5CCC43C)C2C1C,0.8933034539222717,1
,C/C(=N\NC(=S)Nc1cccc2ccccc12)c1nccnc1C,0.8930537104606628,1
,C/C(=N\NC(=S)Nc1ccccc1)c1c(O)ccc2ccc(=O)oc12,0.8930068612098694,1
,C/C(=N\NC(=S)Nc1ccccc1C)c1c(O)ccc2ccc(=O)oc12,0.892686128616333,1
,CC(C)=CCc1c(O)c2ccccc2[nH]c1=O,0.891534149646759,1
,C/C(=N\NC(N)=S)c1c(O)ccc2ccc(=O)oc12,0.8911443948745728,1
,O=C(Cc1ccc(Br)cc1)N/N=C/c1ccccc1[N+](=O)[O-],0.8909831643104553,1
,COc1cc(-c2ccc(C(C)=O)cc2)ccc1O[C](C)Cn1cc(-c2ccccc2)nn1,0.8907102942466736,1
,COc1cc(-c2ccc(C)cc2)ccc1O[C](C)Cn1cc(-c2ccccc2)nn1,0.8907102942466736,1
,COc1cc(-c2ccccc2)ccc1O[C](C)Cn1cc(-c2ccccc2)nn1,0.8907102942466736,1
,c1c[nH]c(-c2nn3c(-c4ccncc4)nnc3s2)c1,0.8906586766242981,1
,CC1(C)[C@](O)CC[C@@]2(C)C1CC[C@]1(C)C2C(=O)C=C2C3[C@@](C)[C@@](C)CC[C@]3(C)CC[C@]21C,0.8905095458030701,1
,COc1cc(-c2ccc(Cl)cc2)ccc1O[C](C)Cn1cc(-c2ccccc2)nn1,0.8903681635856628,1
,Cc1ccc2nc(Cl)c(COCc3cn(-c4ccccc4)nn3)cc2c1,0.8895065188407898,1
,COc1ccc2c(c1OC)CO[C]2[C]1c2c(cc3c(c2OC)OCO3)CCN1C(C#N)c1ccc(F)cc1,0.8895004391670227,1
,N#CC1C=C2C(=NC1N=Nc1ccccc1)c1ccccc1OC2Nc1ccc(Cl)cc1,0.8887419700622559,1
,COc1ccc2c(c1OC)CO[C]2[C]1c2c(cc3c(c2OC)OCO3)CCN1C(C#N)c1ccccc1,0.8876992464065552,1
,COc1cc(-c2ccc(F)cc2)ccc1O[C](C)Cn1cc(-c2ccccc2)nn1,0.887455940246582,1
,COc1ccc2c(c1OC)CO[C]2[C]1c2c(cc3c(c2OC)OCO3)CCN1C(C#N)c1ccc(C)cc1,0.8866772651672363,1
,COc1ccc(-c2ccc(O[C](C)Cn3cc(-c4ccc(C(F)(F)F)cc4)nn3)c(OC)c2)cc1,0.8859459757804871,1
,C#CCOCc1cc2cc(C)ccc2nc1Cl,0.885498046875,1
,C[C@]12CC[C@](O)[C@](C)(C(=O)O)C1CC[C@]1(C)C2C(=O)C=C2C3[C@](C)[C@@](C)CC[C@]3(C)CC[C@]21C,0.8849338293075562,1
,C/C(=N\N=c1/scc(-c2ccccc2)n1-c1ccccc1C)C12CC3CC(CC(C3)C1)C2,0.8848479390144348,1
,COc1cccc(NC(=S)N/N=C(\C)c2c(O)ccc3ccc(=O)oc23)c1,0.8848276138305664,1
,COc1ccc(-c2ccc(O[C](C)Cn3cc(-c4ccc(F)cc4)nn3)c(OC)c2)cc1,0.8846684098243713,1
,COc1cc(-c2ccccc2C(F)(F)F)ccc1O[C](C)Cn1cc(-c2ccccc2)nn1,0.8842329382896423,1
,C[C@@]12CC[C@]3(C)C(=CC(=O)C4[C@@]5(C)C=CC(=O)[C@](C)C5CC[C@]43C)[C]1[C@](C)[C@@](C)CC2,0.883878767490387,1
,O=C(COC(=O)c1ccc(F)c(Cl)c1)c1ccc([N+](=O)[O-])cc1,0.8837441205978394,1
,C/C(=N\N=c1/scc(-c2ccccc2)n1-c1ccccc1)C12CC3CC(CC(C3)C1)C2,0.883619487285614,1
,COc1cc(-c2ccccc2C(F)(F)F)ccc1O[C](C)Cn1cc(-c2ccc(C(F)(F)F)cc2)nn1,0.8834471106529236,1
,OCc1cc2cc(F)ccc2nc1Cl,0.8825030326843262,1
,C=C1C=CC(C(C)C)CCC(C)=CCCC(C)=CCC1,0.8819529414176941,1
,COc1cc(-c2c(F)cccc2F)ccc1O[C](C)Cn1cc(-c2ccccc2)nn1,0.8816015720367432,1
,C/C1=C\C[C@]2(C(C)C)CC[C@@](C)(O2)/C(=N/O)CC/C(C)=C/CC1,0.8815847039222717,1
,C[C@@]12CC[C@]3(C)C(=CC(=O)C4[C@@]5(C)CC[C@](N)[C@](C)(C(=O)O)[C]5CC[C@]43C)[C]1[C@@](C)[C@](C)CC2,0.881226658821106,1
,C/C(=N\NC(N)=S)c1ccc(Br)s1,0.8811250925064087,1
,C[C@@]12CC[C@]3(C)C(=CC(=O)C4[C@@]5(C)CCC(=O)[C@](C)C5CC[C@]43C)[C]1[C@](C)[C@](C)CC2,0.8810743093490601,1
,COc1ccc2nc(Cl)c(C=O)cc2c1,0.8805979490280151,1
,COC(=O)[C@@]1(C)C=C[C@](Cl)[C@@]2(C)[C]1CC[C@]1(C)C2C(=O)C=C2[C]3[C@](C)[C@@](C)CC[C@]3(C)CC[C@]21C,0.8805527091026306,1
,CC1(C)CC[C@]2(C)CC[C@]3(C)C(=CC(=O)C4[C@@]5(C)CC[C](O)[C@](C)(C(=O)O)C5CC[C@]43C)[C]2C1,0.8796091079711914,1
,CC1(C)CC[C@]2(C)CC[C@]3(C)C(=CC(=O)C4[C@@]5(C)CC[C](O)[C@](C)(C(=O)O)C5CC[C@]43C)[C]2C1,0.8796091079711914,1
,C[C@@]12CC[C@]3(C)C(=CC(=O)C4[C@@]5(C)CC[C@](O)[C@](C)(C(=O)O)C5CC[C@]43C)[C]1[C@@](C)[C@](C)CC2,0.8796091079711914,1
,CCc1ccc(NC(=S)N/N=C(\C)c2ccc(Br)s2)cc1,0.8793973922729492,1
,COc1ccc2c(c1OC)CO[C]2[C]1c2c(cc3c(c2OC)OCO3)CCN1C(C#N)c1ccccc1Cl,0.8790988326072693,1
,CC1=CCC=C(C)CCC=C(C)CCC(C(C)C)C=C1,0.8789184093475342,1
,COc1cc(-c2ccc3ccccc3c2)ccc1O[C](C)Cn1cc(-c2ccc(F)cc2)nn1,0.8779816627502441,1
,COc1cc(-c2ccc(C)cc2)ccc1O[C](C)Cn1cc(-c2ccc(C(F)(F)F)cc2)nn1,0.8776574730873108,1
,COc1cc(-c2ccc(C#N)cc2)ccc1O[C](C)Cn1cc(-c2ccc(F)cc2)nn1,0.8769410848617554,1
,COc1cc(-c2ccccc2)ccc1O[C](C)Cn1cc(-c2ccc(F)cc2)nn1,0.8769410848617554,1
,COc1cc(-c2ccc(F)cc2)ccc1O[C](C)Cn1cc(-c2ccc(F)cc2)nn1,0.8769410848617554,1
,COc1cc(-c2ccc(C)cc2)ccc1O[C](C)Cn1cc(-c2ccc(F)cc2)nn1,0.8769410848617554,1
,C/C(=N\NC(=S)NC1CCCCC1)c1c(O)ccc2ccc(=O)oc12,0.876488447189331,1
,C/C(=N/N=c1\scc(-c2ccccc2)n1-c1cccc2ccccc12)C12CC3CC(CC(C3)C1)C2,0.8761288523674011,1
,COC(=O)c1ccc(-c2ccc(O[C](C)Cn3cc(-c4ccc(F)cc4)nn3)c(OC)c2)cc1,0.8750260472297668,1
,COc1ccc2nc(Cl)c(CO)cc2c1,0.8745197653770447,1
,O=c1[nH]c2ccccc2c2c1sc1c2ccc2c1sc1c(=O)[nH]c3ccccc3c12,0.8742275238037109,1
,COc1cc(-c2ccc(F)cc2)ccc1O[C](C)Cn1cc(-c2ccc(C(F)(F)F)cc2)nn1,0.874069333076477,1
,COc1ccc(-c2cn(CCn3c([N+](=O)[O-])cnc3C)nn2)cc1,0.8729484677314758,1
,COC(=O)[C@]1(C)[C]2CC[C@]3(C)C(C(=O)C=C4[C]5[C@](C)[C@@](C)CC[C@]5(C)CC[C@]43C)[C@@]2(C)CC[C@]1O,0.8716797828674316,1
,COC(=O)[C@]1(C)[C]2CC[C@]3(C)C(C(=O)C=C4[C]5[C@](C)[C@@](C)CC[C@]5(C)CC[C@]43C)[C@@]2(C)CC[C@@]1O,0.8716797828674316,1
,C/C(=N\NC(=S)Nc1ccc([N+](=O)[O-])cc1)c1nccnc1C,0.8712996244430542,1
,CCCn1cc(COCc2cc3cc(C)ccc3nc2Cl)nn1,0.8707394599914551,1
,C/C(=N\NC(=S)Nc1ccccc1)c1ccc(Br)s1,0.8707314729690552,1
,COc1cc(-c2c(F)cccc2F)ccc1O[C](C)Cn1cc(-c2ccc(F)cc2)nn1,0.8706193566322327,1
,C/C(=N\N=c1/scc(-c2ccccc2)n1-c1ccccc1C)c1ccc2c(c1)NC(=O)CO2,0.8700069785118103,1
,CC1(C)C(=O)CC[C@@]2(C)C1CC[C@]1(C)C2C(=O)C=C2C3[C@](C)[C@](C)CC[C@]3(C)CC[C@]21C,0.8695653080940247,1
,CC1=C2CC[C@]3(C)C(C(=O)C=C4[C]5[C@](C)[C@](C)CC[C@]5(C)CC[C@]43C)[C@@]2(C)CCC1=O,0.8695195317268372,1
,Cc1cc2cc(COCc3cn(-c4ccccc4)nn3)c(Cl)nc2cc1C,0.86915123462677,1
,COc1cc(-c2ccc(Cl)cc2)ccc1O[C](C)Cn1cc(-c2ccc(F)cc2)nn1,0.8686022758483887,1
,C/C(=N\NC(=S)NC1CCCCC1)c1ccc(Br)s1,0.8681960105895996,1
,C/C(=N\NC(=S)Nc1ccc(F)cc1)c1ccc(Br)s1,0.868143618106842,1
,COC(=O)[C@]1(C)[C]2CC[C@]3(C)C(C(=O)C=C4[C]5[C@](C)[C@@](C)CC[C@]5(C)CC[C@]43C)[C@@]2(C)CC[C@@]1C(=O)O,0.8676713109016418,1
,COc1cc(-c2cc(C(F)(F)F)cc(C(F)(F)F)c2)ccc1O[C](C)Cn1cc(-c2ccccc2)nn1,0.8672282099723816,1
,Cc1cc2cc(C=O)c(Cl)nc2cc1C,0.866671621799469,1
,C[C@@]1(C(=O)O)[C]2CC[C@]3(C)C(C(=O)C=C4[C]5[C@](C)[C@@](C)CC[C@]5(C)CC[C@]43C)[C@@]2(C)CCC1=O,0.8655391335487366,1
,CC(=O)OC1CCC2(C)C3=CC=C4C5C(C)C(C)CCC5(C)CCC4(C)C3(C)CCC2C1(C)C(=O)O,0.8654674291610718,1
,COC(=O)[C@@]1(C)CCC[C@@]2(C)[C]1CC[C@]1(C)C2C(=O)C=C2[C]3[C@](C)[C@@](C)CC[C@]3(C)CC[C@]21C,0.8653191328048706,1
,C/C(=N\NC(=S)Nc1cccc2ccccc12)c1sc(C)nc1C,0.8651615381240845,1
,O=C(COC(=O)c1ccccc1Br)c1ccc([N+](=O)[O-])cc1,0.8647819757461548,1
,Fc1cc(Cl)c(-c2nn3c(-c4ccncc4)nnc3s2)cc1F,0.8646580576896667,1
,COc1cc(-c2ccc(C=O)cc2)ccc1O[C](C)Cn1cc(-c2ccc(F)cc2)nn1,0.8642576336860657,1
,CC(C)=CCOc1c(CC=C(C)C)c(=O)[nH]c2ccccc12,0.8640184998512268,1
,CC1(C)[C@](O)CC[C@@]2(C)C1CC[C@]1(C)C2C=CC2[C]3[C@@](C)[C@](C)CC[C@]3(C(=O)O)CC[C@]21C,0.8634968996047974,1
,CC1CCC(/C=C(\C(=O)O)N2C(=O)c3ccccc3C2=O)S1,0.8633615374565125,1
,Cc1ncc([N+](=O)[O-])n1CCn1cc(-c2ccc(N)cc2)nn1,0.8630256652832031,1
,COc1ccc2c(c1OC)C(=O)O[C]2[C]1NCCc2cc3c(c(OC)c21)OCO3,0.8628358840942383,1
,COc1cccc(-n2c(-c3ccccc3)cs/c2=N\N=C(/C)c2ccc3c(c2)NC(=O)CO3)c1,0.8627815842628479,1
,CC(=O)OC1CCC2(C)C3=CC=C4C5CC(C)(C)CCC5(C)CCC4(C)C3(C)CCC2C1(C)C(=O)O,0.8626464605331421,1
,Cc1ncc([N+](=O)[O-])n1CCOC(=O)c1cc([N+](=O)[O-])cc([N+](=O)[O-])c1,0.8618187308311462,1
,CCCC(=O)OCc1cc2cc(OC)ccc2nc1Cl,0.8614767789840698,1
,COC(=O)[C@]1(C)[C]2CC[C@]3(C)C(C(=O)C=C4[C]5[C@](C)[C@@](C)CC[C@]5(C)CC[C@]43C)[C@@]2(C)CC[C@]12CO2,0.8613844513893127,1
,CC(=O)c1cc(O)cc(C[C]2Cc3cc(O)cc(O)c3C(=O)O2)c1O,0.8613587021827698,1
,Cc1ncc([N+](=O)[O-])n1CCn1cc(-c2ccc(F)cc2F)nn1,0.8610361218452454,1
,COC(=O)[C@@]1(C)[C]2O[C]2C[C@@]2(C)[C]1CC[C@]1(C)C2C(=O)C=C2[C]3[C@](C)[C@@](C)CC[C@]3(C)CC[C@]21C,0.8608020544052124,1
,COC(=O)[C@@]1(C)[C]2O[C]2C[C@@]2(C)[C]1CC[C@]1(C)C2C(=O)C=C2[C]3[C@](C)[C@@](C)CC[C@]3(C)CC[C@]21C,0.8608020544052124,1
,C/C(=N\N=c1/scc(-c2ccccc2)n1-c1ccccc1)c1ccc2c(c1)NC(=O)CO2,0.8598045110702515,1
,CCCC/C=N/NC(=O)Cc1ccc(Br)cc1,0.8596646189689636,1
,C/C(=N\NC(=S)NC(=O)c1ccccc1)c1ccc(Br)s1,0.8596600890159607,1
,CCCn1cc(COCc2cc3cc(C)c(C)cc3nc2Cl)nn1,0.8594240546226501,1
,C/C(=N\NC(=S)Nc1cccc(Cl)c1)c1ccc(Br)s1,0.8585764765739441,1
,CCCC(=O)OCc1cc2cc(F)ccc2nc1Cl,0.8584886193275452,1
,COC(=O)[C@]1(C)[C]2CC[C@]3(C)C(C(=O)C=C4[C]5[C@](C)[C@@](C)CC[C@]5(C)CC[C@]43C)[C@@]2(C)CC[C@@]1C=O,0.8582562804222107,1
,Cc1ccc(-c2cn(CCn3c([N+](=O)[O-])cnc3C)nn2)cc1,0.8574032783508301,1
,Cc1ncc([N+](=O)[O-])n1CCn1cc(-c2ccccc2)nn1,0.8574032783508301,1
,C#CCOCc1cc2cc(C)c(C)cc2nc1Cl,0.8573582172393799,1
,C/C(=N\N=c1/scc(-c2ccccc2)n1-c1c(C)cccc1C)C12CC3CC(CC(C3)C1)C2,0.8552994132041931,1
,Cc1ncc([N+](=O)[O-])n1CCn1cc(-c2ccc(Br)cc2)nn1,0.8551941514015198,1
,C#CCOC(=O)[C@@]1(C)[C@](O)CC[C@]2(C)C3C(=O)C=C4[C]5[C@@](C)[C@](C)CC[C@]5(C)CC[C@@]4(C)[C@]3(C)CCC21,0.854547381401062,1
,C[C@@]12CC[C@]3(C)C(=CC(=O)C4[C@@]5(C)CCC(=O)[C@](C)(C(=O)O)C5CC[C@]43C)[C]1[C@](C)[C@@](C)CC2,0.853069007396698,1
,CC(=O)OC1CCC2(C)C(CCC3(C)C2C(=O)C=C2C4C(C)C(C)CCC4(C)CCC23C)C1(C)C(=O)O,0.8528984785079956,1
,COc1cc(-c2cc(C(F)(F)F)cc(C(F)(F)F)c2)ccc1O[C](C)Cn1cc(-c2ccc(F)cc2)nn1,0.8509950637817383,1
,O=C1c2cc(O)cc(O)c2C(=O)c2c(O)cc(CO)cc21,0.8494421243667603,1
,COC(=O)[C@@]1(C)C=C[C@](OC)[C@@]2(C)[C]1CC[C@]1(C)C2C(=O)C=C2[C]3[C@](C)[C@@](C)CC[C@]3(C)CC[C@]21C,0.8471336364746094,1
,COC(=O)[C@@]1(C)C=C[C@](OC)[C@@]2(C)[C]1CC[C@]1(C)C2C(=O)C=C2[C]3[C@@](C)[C@](C)CC[C@]3(C)CC[C@]21C,0.8471336364746094,1
,C[C@@]12CC[C@]3(C)C(=CC(=O)C4[C@@]5(C)CCC[C@](C)(C(=O)OCc6ccccc6)[C]5CC[C@]43C)[C]1[C@](C)[C@@](C)CC2,0.8470270037651062,1
,Cc1ncc([N+](=O)[O-])n1CCn1cc(-c2ccc(C(F)(F)F)cc2)nn1,0.8465163707733154,1
,Cc1cc(O)c2c(c1)C(=O)c1cc(O)cc(O)c1C2=O,0.8463916778564453,1
,CC(=O)Cc1cc(=O)c2c(C)c(C3OC(COC(=O)/C=C/c4ccc(O)cc4)C(O)C(O)C3O)c(O)cc2o1,0.8460124135017395,1
,C/C(=N\NC(=S)Nc1ccc([N+](=O)[O-])cc1)c1sc(C)nc1C,0.8443920612335205,1
,COC(=O)[C@]1(C)[C]2CC[C@]3(C)C(C(=O)C=C4[C]5[C@](C)[C@@](C)CC[C@]5(C)CC[C@]43C)[C@@]2(C)C[C@@](O)[C@]1O,0.8442909121513367,1
,CC(=O)O[C@]1CC[C@]2(C)C3=CC=C4C5[C@@](C)[C@@](C)CC[C@]5(C)CC[C@@]4(C)[C@]3(C)CCC2[C@@]1(C)C(=O)O,0.8438923358917236,1
,C/C(=N\N=c1/scc(-c2ccccc2)n1-c1c(C)cccc1C)c1ccc2c(c1)NC(=O)CO2,0.843568742275238,1
,Cc1ncc([N+](=O)[O-])n1CCn1cc(-c2ccc(F)cc2)nn1,0.8434004187583923,1
,C/C(=N\NC(=S)Nc1cccc2ccccc12)c1c(O)ccc2ccc(=O)oc12,0.8412588238716125,1
,C[C@@]12CC[C@]3(C)C(=CC(=O)C4[C@@]5(C)Cc6nc7ccccc7nc6[C@](C)C5CC[C@]43C)[C]1[C@](C)[C@](C)CC2,0.8411705493927002,1
,COC(=O)[C@]1(C)[C]2CC[C@]3(C)C(C(=O)C=C4[C]5[C@](C)[C@@](C)CC[C@]5(C)CC[C@]43C)[C@@]2(C)C=C[C@]1O,0.8404462337493896,1
,CC1=CC(O)CC(C)(O)C=CC(C(C)C)CCC(C)=CCC1,0.8400483131408691,1
,Cc1cc(O)c2c(c1)C(=O)c1cc(O)cc(OC3OC(CO)C(O)C(O)C3O)c1C2=O,0.8377804160118103,1
,O=C(OCc1cc2cc(F)ccc2nc1Cl)c1ccccc1,0.8365203738212585,1
,COC(=O)[C@]1(C)[C]2CC[C@]3(C)C(C(=O)C=C4[C]5[C@](C)[C@@](C)CC[C@]5(C)CC[C@]43C)[C@@]2(C)CCC1=O,0.8347582817077637,1
,COc1ccc2c(c1OC)COC2C1c2c(cc3c(c2OC)OCO3)CCN1Cc1cn(Cc2ccccc2)nn1,0.8345993161201477,1
,COc1ccc2nc(Cl)c(COC(=O)c3ccccc3)cc2c1,0.8338747024536133,1
,COc1cc2oc(CC(C)=O)cc(=O)c2c(C)c1C1OC(COC(=O)/C=C/c2ccc(O)cc2)C(O)C(O)C1O,0.8314749002456665,1
,CC(=O)O[C@]1CC[C@]2(C)C3C(=O)C=C4C5[C@](C)[C@@](C)CC[C@]5(C)CC[C@@]4(C)[C@]3(C)CCC2[C@@]1(C)C(=O)O,0.8297042846679688,1
,CC(=O)O[C]1CC[C@@]2(C)C(CC[C@]3(C)C2C(=O)C=C2[C]4CC(C)(C)CC[C@]4(C)CC[C@]23C)[C@@]1(C)C(=O)O,0.8289092183113098,1
,CC(=O)O[C]1CC[C@@]2(C)C(CC[C@]3(C)C2C(=O)C=C2[C]4CC(C)(C)CC[C@]4(C)CC[C@]23C)[C@@]1(C)C(=O)O,0.8289092183113098,1
,C#CCOC(=O)[C@@]1(C)[C@](OC(C)=O)CC[C@]2(C)C3C(=O)C=C4[C]5[C@](C)[C@@](C)CC[C@]5(C)CC[C@@]4(C)[C@]3(C)CCC21,0.8282135128974915,1
,C/C(=N\N=c1/scc(-c2ccccc2)n1Cc1ccccc1)c1ccc2c(c1)OCCO2,0.8268244862556458,1
,C[C@@]12CC[C@]3(C)C(=CC(=O)C4[C@@]5(C)Cc6nccnc6[C@](C)C5CC[C@]43C)[C]1[C@](C)[C@](C)CC2,0.8264175057411194,1
,COC(=O)[C@]1(C)[C]2CC[C@]3(C)C(C(=O)C=C4[C]5[C@](C)[C@@](C)CC[C@]5(C)CC[C@]43C)[C@@]2(C)C=CC1=O,0.8258012533187866,1
,O=C1c2cc(CO)cc(O)c2C(=O)c2c(COC3OC(CO)C(O)C(O)C3O)cc(O)cc21,0.8255681395530701,1
,COC(=O)[C@@]1(C)C=CC[C@@]2(C)[C]1CC[C@]1(C)C2C(=O)C=C2[C]3[C@](C)[C@@](C)CC[C@]3(C)CC[C@]21C,0.8252710700035095,1
,COc1ccc2c(c1OC)CO[C]2[C]1c2c(cc3c(c2OC)OCO3)CCN1C(C(N)=O)c1ccc(F)cc1,0.8239397406578064,1
,COc1ccc2c(c1OC)CO[C]2[C]1c2c(cc3c(c2OC)OCO3)CCN1C(C(N)=O)c1ccccc1,0.8239397406578064,1
,COc1ccc2c(c1OC)CO[C]2[C]1c2c(cc3c(c2OC)OCO3)CCN1C(CN)c1cccnc1,0.8238440155982971,1
,COc1ccc2c(c1OC)CO[C]2[C]1c2c(cc3c(c2OC)OCO3)CCN1C(C(N)=O)c1ccc(C)cc1,0.822453498840332,1
,CC(=O)O[C@]1CC[C@]2(C)C3C(=O)C=C4[C]5[C@@](C)[C@](C)CC[C@]5(C)CC[C@@]4(C)[C@]3(C)CCC2[C@@]1(C)C(=O)O,0.8223368525505066,1
,COC(=O)[C@@]1(C)C=CC[C@@]2(C)[C]1CC[C@]1(C)C2C(=O)C=C2[C]3[C](C)CCC[C@]3(C)CC[C@]21C,0.8198078870773315,1
,CC1OC(OCc2cc(O)c3c(c2)C(=O)c2cc(O)cc(O)c2C3=O)C(O)C(O)C1O,0.8175613880157471,1
,C[C@@]1(C(=O)OCc2ccccc2)[C]2CC[C@]3(C)C(C(=O)C=C4[C]5[C@](C)[C@@](C)CC[C@]5(C)CC[C@]43C)[C@@]2(C)CCC1=O,0.815889835357666,1
,COc1ccc2c(c1OC)CO[C]2[C]1c2c(cc3c(c2OC)OCO3)CCN1C(C(N)=O)c1ccccc1Cl,0.8128257393836975,1
,CC1=CCCC(C)(O)C=CCC(C)(O)C=CC(C(C)C)CC1,0.8114690184593201,1
,C(=N\Nc1nc2ccccc2s1)\c1ccccn1,0.8090847730636597,1
,COc1cc(-c2ccc(F)c(F)c2F)ccc1O[C](C)Cn1cc(-c2ccc(F)cc2)nn1,0.8082965016365051,1
,COC(=O)[C@]1(C)[C]2CC[C@]3(C)C(C(=O)C=C4[C]5[C@](C)[C@@](C)CC[C@]5(C)CC[C@]43C)[C@@]2(C)C[C@@](O)C1=O,0.8043776750564575,1
,COc1ccc2c(c1OC)CO[C]2[C]1c2c(cc3c(c2OC)OCO3)CCN1C(CN=C=S)c1cccnc1,0.8029351234436035,1
,O=C1c2c(O)cccc2[C@](O)(O[C@]2C(CO)O[C@](O)[C@](O)C2O)c2cc(CO)cc(O)c21,0.801896333694458,1
,NC1C2C=C3C(=NC2=NN1c1ccccc1)c1cc(Br)ccc1OC3NCC1CCCO1,0.7989649772644043,1
,COc1ccc2c(c1OC)C(=O)OC2C1c2c(cc3c(c2OC)OCO3)CCN1CCOc1ccccc1,0.7981504797935486,1
,CC1(C)[C@]([C@](C)(CN)C(=O)OCc2ccccc2)CC[C@]2(C)C1C(=O)C=C1[C]3[C@](C)[C@@](C)CC[C@]3(C)CC[C@]12C,0.7979259490966797,1
,COc1ccc2c(c1OC)CO[C]2[C]1c2c(cc3c(c2OC)OCO3)CCN1C(C#N)c1cccnc1,0.7959814667701721,1
,CCCCN1CCc2cc3c(c(OC)c2C1C1OC(=O)c2c1ccc(OC)c2OC)OCO3,0.7957072257995605,1
,NC1C2C=C3C(=NC2=NN1c1ccccc1)c1ccccc1OC3NCc1ccccc1,0.7941707372665405,1
,COc1ccc2c(c1OC)C(=O)OC2C1c2c(cc3c(c2OC)OCO3)CCN1CC1CC1,0.7941339015960693,1
,NC1C2C=C3C(=NC2=NN1c1ccc(F)cc1)c1ccccc1OC3NC1CCCCC1,0.793915331363678,1
,CN(C)c1ccc(/C=N\Nc2nc3ccccc3s2)cc1,0.7933657765388489,1
,COC(=O)[C@@]1(C)C=C[C@](Br)[C@@]2(C)[C]1CC[C@]1(C)C2C(=O)C=C2[C]3[C@](C)[C@@](C)CC[C@]3(C)CC[C@]21C,0.7918254137039185,1
,CC(=O)OC1(C)C=CC(C(C)C)CCC(C)=CCCC(C)(O)C=CC1,0.7910179495811462,1
,COc1ccc2c(c1OC)CO[C]2[C]1c2c(cc3c(c2OC)OCO3)CCN1C(C(N)=O)c1cccnc1,0.7885215282440186,1
,NC1C2C=C3C(=NC2=NN1c1ccc(F)cc1)c1ccccc1OC3NCc1ccccc1,0.7874934077262878,1
,NC1C2C=C3C(=NC2=NN1c1ccc(C(=O)O)cc1)c1ccccc1OC3NCc1ccccc1,0.7870874404907227,1
,NC1C2C=C3C(=NC2=NN1c1ccccc1)c1cc(Br)ccc1OC3NCc1ccccc1,0.7838410139083862,1
,O=C1CCCC2OC3CCCC(=O)C3C(c3coc4ccccc4c3=O)C12,0.7819972634315491,1
,COC(=O)c1cn(CCn2c([N+](=O)[O-])cnc2C)nn1,0.7818400263786316,1
,CC1(C)CC(=O)C2C(C1)OC1CC(C)(C)CC(=O)C1C2c1coc2ccc(Br)cc2c1=O,0.7818012237548828,1
,CC1(C)CC(=O)C2C(C1)OC1CC(C)(C)CC(=O)C1C2c1coc2ccccc2c1=O,0.7807371020317078,1
,COc1ccc(CC2(Cc3cn(-c4ccccc4OC)nn3)C(=O)OC(C)(C)OC2=O)cc1,0.7793726921081543,1
,CC(C)=CCC1(O)C(=O)Nc2ccccc2C1=O,0.7762036323547363,1
,NC1C2C=C3C(=NC2=NN1c1ccccc1)c1cc(F)ccc1OC3NCc1ccccc1,0.7741677761077881,1
,O=C1CCCC2OC3CCCC(=O)C3C(c3coc4ccc(Br)cc4c3=O)C12,0.7726790904998779,1
,Oc1ccc(/C=N\Nc2nc3ccccc3s2)c(O)c1,0.7718309760093689,1
,Clc1ccc(/C=N\Nc2nc3ccccc3s2)cc1,0.7710670232772827,1
,NC1C2C=C3C(=NC2=NN1c1ccccc1)c1cc(F)ccc1OC3NCCc1ccccc1,0.7702224254608154,1
,C[C@@]12CC[C@]3(C)C(=CC(=O)C4[C@@]5(C)CCNC(=O)[C@](C)(C(N)=O)C5CC[C@]43C)[C]1[C@](C)[C@@](C)CC2,0.7697879672050476,1
,COc1ccc(N2N=C3N=C4C(=CC3C2N)C(NCc2ccccc2)Oc2ccc(Br)cc24)cc1,0.7695407867431641,1
,Oc1ccc(/C=N\Nc2nc3ccccc3s2)cc1,0.7667478322982788,1
,COC(=O)c1ccc(/C=N\Nc2nc3ccccc3s2)cc1,0.7650564908981323,1
,C(=N\Nc1nc2ccccc2s1)\c1ccccc1,0.7650564908981323,1
,CC1(C)[C]2CC[C@]3(C)C(C(=O)C=C4[C]5[C@](C)[C@](C)CC[C@]5(C)CC[C@]43C)[C@@]2(C)Cc2c1[nH]c1ccccc21,0.7646070718765259,1
,CCCCOCCOCCN1CCc2cc3c(c(OC)c2C1C1OC(=O)c2c1ccc(OC)c2OC)OCO3,0.7630950808525085,1
,COc1cc(-c2cc3ccccc3s2)ccc1O[C](C)Cn1cc(-c2ccc(F)cc2)nn1,0.7628739476203918,1
,C(=N/N=c1\scc(-c2ccccc2)n1C1CCCCC1)\c1c[nH]c2ccccc12,0.7624571323394775,1
,COC(=O)[C@]1(C)[C]2CC[C@]3(C)C(C(=O)C=C4[C]5[C@](C)[C@@](C)CC[C@]5(C)CC[C@]43C)[C@@]2(C)C=C(O)C1=O,0.7600690126419067,1
,COc1ccc(/C=N\Nc2nc3ccccc3s2)cc1,0.7525559067726135,1
,COc1ccc(OC)c(/C=N\Nc2nc3ccccc3s2)c1,0.7522060871124268,1
,O=C1CCCC2OC3CCCC(=O)C3C(c3coc4ccc(F)cc4c3=O)C12,0.7516347169876099,1
,CC1(C)CC(=O)C2C(C1)OC1CC(C)(C)CC(=O)C1C2c1coc2ccc(F)cc2c1=O,0.7445156574249268,1
,COc1ccc2c(c1OC)COC2C1c2c(cc3c(c2OC)OCO3)CCN1Cc1cn(-c2ccccc2)nn1,0.7424259781837463,1
,C(=N/Nc1nc2ccccc2s1)\c1ccc(/C=N/Nc2nc3ccccc3s2)cc1,0.7407854199409485,1
,COc1ccc2c(c1OC)COC2C1c2c(cc3c(c2OC)OCO3)CCN1Cc1cn(CC(C)O)nn1,0.7396366596221924,1
,CCC(O)Cn1cc(CN2CCc3cc4c(c(OC)c3C2C2OCc3c2ccc(OC)c3OC)OCO4)nn1,0.73821622133255,1
,COc1ccc2c(c1OC)C(=O)OC2C1c2c(cc3c(c2OC)OCO3)CCN1Cc1ccc(F)cc1,0.7372497916221619,1
,COc1ccccc1/C=N\Nc1nc2ccccc2s1,0.7359485626220703,1
,COc1ccc(CN2CCc3cc4c(c(OC)c3C2C2OC(=O)c3c2ccc(OC)c3OC)OCO4)cc1,0.7322248220443726,1
,COc1ccc2c(c1OC)COC2C1c2c(cc3c(c2OC)OCO3)CCN1Cc1cn(-c2ccc(C)cc2)nn1,0.7321604490280151,1
,CCCCOC(=O)c1sc2c(ccc3c(-c4cccs4)c(C(=O)OCCCC)sc32)c1-c1cccs1,0.7288757562637329,1
,COC(=O)[C@]1(C)[C]2CC[C@]3(C)C(C(=O)C=C4[C]5[C@](C)[C@@](C)CC[C@]5(C)CC[C@]43C)[C@@]2(C)C=C(NC(C)=O)C1=O,0.7283443212509155,1
,COC(=O)[C@@]1(C)C=C[C]2OO[C@]34C(=O)C=C5[C]6[C@](C)[C@@](C)CC[C@]6(C)CC[C@@]5(C)[C@]3(C)CC[C]1[C@]24C,0.7268981337547302,1
,CCC(O)Cn1cc(CN2CCc3cc4c(c(OC)c3C2C2OC(=O)c3c2ccc(OC)c3OC)OCO4)nn1,0.7261713147163391,1
,CC(C)c1ccc(/C=C(\C(=O)O)N2C(=O)c3ccccc3C2=O)cc1,0.7144786715507507,1
,CC(C)c1ccc(/C=N/NC(=O)Cc2ccc(Br)cc2)cc1,0.7079726457595825,1
,CCCCOC(=O)c1sc2c(ccc3c(-c4ccccc4)c(C(=O)OCCCC)sc32)c1-c1ccccc1,0.7013840675354004,1
,CC(/C=N/NC(=O)Cc1ccc(Br)cc1)c1ccccc1,0.7010367512702942,1
,COc1ccc2c(c1OC)C(=O)OC2C1c2c(cc3c(c2OC)OCO3)CCN1Cc1cccc2c1OCO2,0.6988313794136047,1
,Cc1ccc2nc(Cl)c(COCc3cn(-c4cc([N+](=O)[O-])cc([N+](=O)[O-])c4)nn3)cc2c1,0.6964123249053955,1
,COC(=O)[C@]1(C)[C]2CC[C@]3(C)C(C(=O)C=C4[C]5[C@](C)[C@@](C)CC[C@]5(C)CC[C@]43C)[C@@]2(C)C=C(Br)C1=O,0.6859965920448303,1
,O=[N+]([O-])c1cccc(C2=Nn3c(nnc3-c3ccncc3)SC2)c1,0.6670973896980286,1
,C/C(=N\NC(=S)Nc1ccc([N+](=O)[O-])cc1)c1cc(C)sc1C,0.6636762619018555,1
,Cc1cccc2c1ccc1c3c(ccc12)C1[C@](C)[C@](C)CC[C@]1(C)CC3,0.6603942513465881,1
,Cc1cc2cc(COCc3cn(-c4cc([N+](=O)[O-])cc([N+](=O)[O-])c4)nn3)c(Cl)nc2cc1C,0.6600958704948425,1
,COc1ccc(-c2nnc3n2N=C(c2cccc4ccccc24)CS3)cc1,0.6551364064216614,1
,C[C@@]12[C]3CC[C@]4(C)C(C(=O)C=C5[C]6[C@](C)[C@@](C)CC[C@]6(C)CC[C@]54C)[C@@]3(C)CCC1=NNC2=O,0.6460233330726624,1
,CCCCOC(=O)c1sc2c(ccc3c(Cl)c(C(=O)OCCCC)sc32)c1Cl,0.6458883285522461,1
,Brc1cccc(-c2nnc3n2N=C(c2cccc4ccccc24)CS3)c1,0.6425909996032715,1
,c1cncc(-c2nnc3n2N=C(c2cccc4ccccc24)CS3)c1,0.6417231559753418,1
,NC1C2C=C3C(=NC2=NN1c1ccccc1)c1cc(Cl)ccc1OC3NCCc1ccccc1,0.6417187452316284,1
,COc1ccc(-c2nnc3n2N=C(c2ccc(-c4ccccc4)cc2)CS3)cc1,0.6384708285331726,1
,c1ccc(-c2ccc(C3=Nn4c(nnc4-c4cccnc4)SC3)cc2)cc1,0.6348905563354492,1
,COc1cc(-c2ccc([N+](=O)[O-])cc2)ccc1O[C](C)Cn1cc(-c2ccc(C(F)(F)F)cc2)nn1,0.6269586086273193,1
,C=C(C)C(O)Cc1c(OCC=C(C)C)c2ccccc2[nH]c1=O,0.6255220770835876,1
,COc1cc(-c2cccc([N+](=O)[O-])c2)ccc1O[C](C)Cn1cc(-c2ccccc2)nn1,0.624899685382843,1
,C/C(=N\NC(=S)Nc1cccc2ccccc12)c1ccc(Br)s1,0.6247323155403137,1
,COc1ccc(-c2nnc3n2N=C(c2ccc(Cl)cc2)CS3)cc1,0.6243778467178345,1
,Clc1ccc(C2=Nn3c(nnc3-c3cccnc3)SC2)cc1,0.6175348162651062,1
,COc1ccc(-c2nnc3n2N=C(c2ccc(F)cc2)CS3)cc1,0.6172346472740173,1
,Brc1cccc(-c2nnc3n2N=C(c2ccc(-c4ccccc4)cc2)CS3)c1,0.6150264739990234,1
,Clc1ccc(C2=Nn3c(nnc3-c3cccc(Br)c3)SC2)cc1,0.6123375296592712,1
,COc1ccc(-c2nnc3n2N=C(c2ccc(C)cc2)CS3)cc1,0.611495852470398,1
,c1ccc(-c2ccc(C3=Nn4c(nnc4-c4ccncc4)SC3)cc2)cc1,0.6107279062271118,1
,Fc1ccc(C2=Nn3c(nnc3-c3cccnc3)SC2)cc1,0.6103426814079285,1
,c1ccc2c(C3=Nn4c(nnc4-c4ccncc4)SC3)cccc2c1,0.6083694696426392,1
,Clc1ccc(C2=Nn3c(nnc3-c3cccc(Br)c3)SC2)cc1Cl,0.605911135673523,1
,Fc1ccc(C2=Nn3c(nnc3-c3cccc(Br)c3)SC2)cc1,0.6051101684570312,1
,Cc1ccc(C2=Nn3c(nnc3-c3cccc(Br)c3)SC2)cc1,0.6047843098640442,1
,Cc1ccc(C2=Nn3c(nnc3-c3cccnc3)SC2)cc1,0.604566752910614,1
,O=C(Cl)c1sc2c(ccc3c(Cl)c(C(=O)Cl)sc32)c1Cl,0.6028590202331543,1
,COc1ccc(-c2nnc3n2N=C(c2ccc([N+](=O)[O-])cc2)CS3)cc1,0.6026486754417419,1
,Clc1cccc(C2=Nn3c(nnc3-c3ccncc3)SC2)c1,0.6021140813827515,1
,COc1cc(-c2ccc([N+](=O)[O-])cc2)ccc1O[C](C)Cn1cc(-c2ccc(F)cc2)nn1,0.6015893816947937,1
,COc1ccc(-c2nnc3n2N=C(c2ccc(Cl)c(Cl)c2)CS3)cc1,0.5995852947235107,1
,Cc1ccc2nc(Cl)c(COCc3cn(-c4ccc([N+](=O)[O-])cc4)nn3)cc2c1,0.5973699688911438,1
,O=[N+]([O-])c1ccc(C2=Nn3c(nnc3-c3cccc(Br)c3)SC2)cc1,0.5958852171897888,1
,O=[N+]([O-])c1ccc(C2=Nn3c(nnc3-c3cccnc3)SC2)cc1,0.5956660509109497,1
,Clc1ccc(C2=Nn3c(nnc3-c3cccnc3)SC2)cc1Cl,0.5949001312255859,1
,COc1ccc(C2=Nn3c(nnc3-c3ccc(OC)cc3)SC2)cc1,0.5929802060127258,1
,CC(C)=CCC(C1OC12C(=O)Nc1ccccc1C2=O)C(C)(C)O,0.5916572213172913,1
,COc1ccc(C2=Nn3c(nnc3-c3cccnc3)SC2)cc1,0.5889877080917358,1
,C/C(=N\NC(=S)Nc1ccc([N+](=O)[O-])cc1)c1ccc(Br)s1,0.5884888172149658,1
,COc1c2c(nc3occc13)C(CC=C(C)C)(OC)C(=O)CC2,0.5877293944358826,1
,Cc1ccc(C2=Nn3c(nnc3-c3ccncc3)SC2)cc1,0.58048015832901,1
,Fc1cccc(C2=Nn3c(nnc3-c3ccncc3)SC2)c1,0.5745177865028381,1
,COc1ccc(C2=Nn3c(nnc3-c3cccc(Br)c3)SC2)cc1,0.5688360929489136,1
,Clc1ccc(C2=Nn3c(nnc3-c3ccncc3)SC2)cc1Cl,0.5682899355888367,1
,COc1cc(Br)ccc1O[C](C)Cn1cc(-c2ccc(N)cc2)nn1,0.5636410713195801,1
,COC(=O)c1cn(C[C](C)Oc2ccc(Br)cc2OC)nn1,0.562951385974884,1
,COc1cccc(C2=Nn3c(nnc3-c3ccncc3)SC2)c1,0.5526915192604065,1
,O=C(Nc1ccccc1)c1sc2c(ccc3c(Cl)c(C(=O)Nc4ccccc4)sc32)c1Cl,0.5523855090141296,1
,Cc1cc2cc(COCc3cn(-c4ccc([N+](=O)[O-])cc4)nn3)c(Cl)nc2cc1C,0.5503990054130554,1
,O=C(O)/C(=C\C1CC=C(O)c2ccccc21)N1C(=O)c2ccccc2C1=O,0.5475786924362183,1
,O=C1CCCC2OC3CCCC(=O)C3C(c3coc4ccc(Cl)cc4c3=O)C12,0.5453894734382629,1
,COc1ccc2nc(Cl)c(COC(=O)c3ccc([N+](=O)[O-])cc3)cc2c1,0.5453225374221802,1
,C=C/C=C1\COC(NC2CCCCC2)C2=CC3C(=NN(c4ccccc4)C3N)N=C21,0.5437880158424377,1
,O=C(OCc1cc2cc(F)ccc2nc1Cl)c1ccc([N+](=O)[O-])cc1,0.5405271053314209,1
,C=C(Cl)/C=C1\COC(NCc2ccccc2)C2=CC3C(=NN(c4ccccc4)C3N)N=C21,0.5394561290740967,1
,COc1cc(Br)ccc1O[C](C)Cn1cc(-c2ccccc2)nn1,0.5357421040534973,1
,COc1cc(Br)ccc1O[C](C)Cn1cc(-c2ccc(C(F)(F)F)cc2)nn1,0.5354739427566528,1
,COc1ccc2nc(Cl)c(COC(=O)c3cc([N+](=O)[O-])cc([N+](=O)[O-])c3)cc2c1,0.5049581527709961,1
,COc1cc(Br)ccc1O[C](C)Cn1cc(-c2ccc(F)cc2)nn1,0.502242386341095,1
,c1coc(-c2nnc3n2N=C(c2cccc4ccccc24)CS3)c1,0.485323429107666,0
,c1ccc(-c2ccc(C3=Nn4c(nnc4-c4ccco4)SC3)cc2)cc1,0.48178577423095703,0
,CC(C)(C)NC(=O)C1c2cc3ccccc3nc2-n2nncc2C(=O)N1CCc1ccccc1,0.47052890062332153,0
,Clc1ccc(C2=Nn3c(nnc3-c3ccco3)SC2)cc1Cl,0.4624444842338562,0
,COc1ccc2c(c1OC)CO[C]2[C]1c2c(cc3c(c2OC)OCO3)CCN1C(C#N)c1ccc(C(C)C)cc1,0.4552055597305298,0
,CC(C)(C)NC(=O)C1c2cc3ccccc3nc2-n2nnc(-c3ccccc3)c2C(=O)N1CCc1ccccc1,0.4545968174934387,0
,Cc1ccc2nc3c(cc2c1)C(C(=O)NC(C)(C)C)N(CCc1ccccc1)C(=O)c1c(-c2ccccc2)nnn1-3,0.4527212679386139,0
,O=[N+]([O-])c1ccc(C2=Nn3c(nnc3-c3ccco3)SC2)cc1,0.45187893509864807,0
,CCCC(=O)C1=COC2CC(C)(C)CC(=O)C2C1c1coc2ccc(Cl)cc2c1=O,0.45016932487487793,0
,Clc1cccc(/C=N\Nc2nc3ccccc3s2)c1,0.45002642273902893,0
,O=C(NC1CCCCC1)C1c2cc3ccccc3nc2-n2nncc2C(=O)N1CCc1ccccc1,0.44854846596717834,0
,Clc1ccc(C2=Nn3c(nnc3-c3ccco3)SC2)cc1,0.44748735427856445,0
,Fc1ccc(C2=Nn3c(nnc3-c3ccco3)SC2)cc1,0.44219109416007996,0
,Cc1ccc(C2=Nn3c(nnc3-c3ccco3)SC2)cc1,0.44219109416007996,0
,O=C(NC1CCCCC1)C1c2cc3ccccc3nc2-n2nnc(-c3ccccc3)c2C(=O)N1CCc1ccccc1,0.4402298629283905,0
,COc1ccc(C2=Nn3c(nnc3-c3ccco3)SC2)cc1,0.43447551131248474,0
,COc1ccc2c(c1OC)C(=O)OC2C1c2c(cc3c(c2OC)OCO3)CCN1Cc1ccc(C(C)(C)C)cc1,0.4280165731906891,0
,O=[N+]([O-])c1ccc(/C=N\Nc2nc3ccccc3s2)cc1,0.4223257005214691,0
,CC(C)(C)NC(=O)C1c2cc3ccccc3nc2-n2nncc2C(=O)N1Cc1ccccc1,0.3857734501361847,0
,Cc1ccc(CN2C(=O)c3cnnn3-c3nc4ccccc4cc3C2C(=O)NC(C)(C)C)cc1,0.3849235475063324,0
,Cc1ccc(CN2C(=O)c3c(-c4ccccc4)nnn3-c3nc4ccc(C)cc4cc3C2C(=O)NC(C)(C)C)cc1,0.37798255681991577,0
,CC(C)(C)NC(=O)C1c2cc3ccccc3nc2-n2nnc(-c3ccccc3)c2C(=O)N1Cc1ccccc1,0.37746667861938477,0
,Cc1ccc2nc3c(cc2c1)C(C(=O)NC(C)(C)C)N(Cc1ccccc1)C(=O)c1c(-c2ccccc2)nnn1-3,0.37569016218185425,0
,O=C(NC1CCCCC1)C1c2cc3ccccc3nc2-n2nncc2C(=O)N1Cc1ccccc1,0.3693627715110779,0
,Cc1ccc(CN2C(=O)c3cnnn3-c3nc4ccccc4cc3C2C(=O)NC2CCCCC2)cc1,0.36852726340293884,0
,O=C(NC1CCCCC1)C1c2cc3ccccc3nc2-n2nnc(-c3ccccc3)c2C(=O)N1Cc1ccccc1,0.36120161414146423,0
,Cc1ccc2nc3c(cc2c1)C(C(=O)NC1CCCCC1)N(Cc1ccccc1)C(=O)c1c(-c2ccccc2)nnn1-3,0.35945743322372437,0
